Years,States,Total women with births,Birth rate,General fertility rate,Total fertility rate,Less than high school graduate,High school graduate,Some college or associate's degree,Bachelor's degree,Graduate or professional degree,Percent of women in labor force,Teenage pregnancy,Teenage birth Rate
2017,United States,3994223,12.4,52.3,1.88,13105452,16069512,24932063,14765055,7544846,72,157388,15
2017,Alabama,58732,12.1,51.0,1.84,211597,271194,403874,176743,87115,67.6,2903,18
2017,Alaska,10582,14.3,60.8,2.19,26089,41031,60978,32478,13587,74.2,408,18
2017,Arizona,85196,12.5,54.2,1.95,319514,330941,545369,256268,118911,69.1,3290,15
2017,Arkansas,40901,13.7,59.3,2.14,123583,178504,240093,99859,47491,67.9,2514,26
2017,California,478458,12.3,49.6,1.79,1960608,1823766,3079864,1861392,917215,68.4,16079,13
2017,Colorado,69064,12.7,52.6,1.89,203685,232370,409682,314878,153519,74.9,2404,14
2017,Connecticut,36794,10.2,43.8,1.58,122186,166055,246719,184945,120251,76.1,1164,10
2017,Delaware,10598,11.2,48.4,1.74,35162,53169,66664,39430,24671,73.4,271,9
2017,District of Columbia,9567,14.2,47.1,1.69,19432,30576,41084,52311,59881,78.3,328,17
2017,Florida,220509,10.9,48.3,1.74,753345,1064256,1555740,826216,368964,71.7,7831,14
2017,Georgia,136101,13.3,53.3,1.92,458915,556968,826647,461302,251628,70.5,6976,20
2017,Hawaii,19748,13.9,61.4,2.21,37488,76482,111044,67604,28756,73.2,520,14
2017,Idaho,22877,13.8,60.8,2.19,64480,86385,140494,63881,21103,69.2,810,14
2017,Illinois,156704,12.2,50.7,1.82,500117,599863,973087,658725,360036,74.2,5474,13
2017,Indiana,83517,12.6,53.8,1.94,277788,363496,526887,276987,107556,73,3805,17
2017,Iowa,41743,13.4,59.5,2.14,102307,131889,267735,145350,54693,79.7,1689,16
2017,Kansas,39414,13.6,59.5,2.14,109329,118993,235327,135765,63039,75,1687,17
2017,Kentucky,55402,12.5,53.8,1.94,173118,248369,366944,153971,88159,70.5,3028,21
2017,Louisiana,60549,13.0,54.1,1.95,206741,292844,363819,179745,75766,69.3,3272,22
2017,Maine,14100,10.6,48.6,1.75,36606,69503,98390,59720,25696,76.7,336,8
2017,Maryland,74140,12.4,50.7,1.83,214778,283119,425848,311691,226069,76.7,2626,14
2017,Massachusetts,76567,11.3,45.9,1.65,226258,299888,462218,405085,275494,76.8,1512,7
2017,Michigan,120630,12.2,52.8,1.90,356923,469624,847458,404102,206317,73.3,4897,15
2017,Minnesota,73295,13.3,57.8,2.08,180773,204765,444174,305286,133874,81.4,2101,12
2017,Mississippi,37818,12.7,52.9,1.90,131707,162156,274057,96647,50225,67.8,2383,23
2017,Missouri,76296,12.6,54.2,1.95,223898,299790,488649,261686,133229,74.6,3489,18
2017,Montana,12139,11.8,54.5,1.96,31714,51357,76436,44834,18480,74.8,446,14
2017,Nebraska,27898,14.7,64.5,2.32,70046,73437,158258,92124,38728,78.7,730,12
2017,Nevada,35640,12.3,51.8,1.86,141295,173573,233145,97363,42737,72.6,1283,15
2017,New Hampshire,15210,11.4,50.5,1.82,37999,62945,97133,67489,35501,77.7,371,9
2017,New Jersey,100779,11.2,47.6,1.71,322286,434028,573834,514651,274146,72.8,1967,7
2017,New Mexico,26525,12.7,56.0,2.02,97335,102835,173011,63084,37072,67.4,1668,25
2017,New York,228874,11.6,47.0,1.69,803937,941715,1379181,1053055,689311,71.5,6271,10
2017,North Carolina,121971,12.1,50.4,1.82,406430,463335,848032,476497,224036,72.1,5235,16
2017,North Dakota,11410,15.3,67.6,2.43,20206,30404,65147,40602,12433,79.9,517,23
2017,Ohio,141773,12.2,53.2,1.91,421157,623001,900857,476315,245890,74.9,6130,16
2017,Oklahoma,53590,13.8,59.2,2.13,165502,224239,310410,148564,55820,69.2,2937,23
2017,Oregon,46891,11.6,50.0,1.80,152767,176671,329831,184324,94407,73,1699,14
2017,Pennsylvania,147285,11.5,50.5,1.82,432358,716883,862722,586846,317668,73.8,5872,14
2017,Rhode Island,11841,11.2,46.6,1.68,37389,55548,84464,50482,26428,75.5,474,13
2017,South Carolina,61725,12.6,53.8,1.94,193358,261693,404656,193070,95512,72.5,2488,16
2017,South Dakota,12697,14.8,68.0,2.45,29005,37605,67978,38957,13209,79,518,19
2017,Tennessee,80791,12.2,51.5,1.85,252394,405774,506044,270519,133973,71.1,4526,22
2017,Texas,397530,14.5,58.5,2.10,1440460,1470981,2156977,1211873,519730,68.2,21768,23
2017,Utah,52639,17.6,70.7,2.54,123594,149964,286751,141492,42947,69.2,1263,11
2017,Vermont,6042,9.7,42.9,1.54,17368,30743,45078,31622,16023,77.5,170,8
2017,Virginia,105067,12.6,51.7,1.86,291315,387522,635256,442578,274147,74,3410,13
2017,Washington,92040,12.8,54.1,1.95,268559,318910,581163,359238,172397,71.5,2729,13
2017,West Virginia,19682,10.7,48.9,1.76,65274,120185,134152,55062,27933,65,962,18
2017,Wisconsin,67517,11.7,51.4,1.85,188926,272693,466782,270496,113458,79.6,1782,9
2017,Wyoming,7365,12.6,57.0,2.05,18351,27475,51920,21851,9615,75.8,375,21
2017,Puerto Rico,29668,8.6,35.4,1.27,138964,186207,274358,178546,61155,56.8,3046,26
2016,United States,4001559,12.6,52.5,1.89,13274104,16157389,25176557,14443272,7235643,71.8,177413,17
2016,Alabama,59424,12.3,51.5,1.85,213979,271194,409706,175546,84556,67.7,3465,22
2016,Alaska,10518,14.3,60.1,2.16,26616,42415,60723,32162,13186,74,429,19
2016,Arizona,84496,12.6,54.3,1.95,320346,327591,548227,248188,113042,68.8,3569,16
2016,Arkansas,39828,13.4,57.7,2.08,125792,180431,241510,98037,45077,67.4,2753,28
2016,California,486456,12.6,50.6,1.82,2011433,1805523,3102061,1812992,875222,68.1,18575,14
2016,Colorado,68806,12.8,53.0,1.91,202979,230606,415826,303715,146146,74.6,2659,16
2016,Connecticut,37545,10.5,44.2,1.59,124187,169195,252899,183660,118560,76,1318,11
2016,Delaware,11136,11.9,50.6,1.82,35679,52810,68030,40369,23304,74.2,364,12
2016,District of Columbia,9531,14.5,47.5,1.71,20268,31166,41736,51101,56399,78,353,18
2016,Florida,216349,10.9,47.9,1.72,752671,1064843,1556870,792910,353553,71.6,8697,15
2016,Georgia,139714,13.8,54.9,1.98,463593,555515,832846,451857,240794,70.1,7646,22
2016,Hawaii,20121,14.2,62.4,2.25,38203,76371,112652,66565,28618,73,636,16
2016,Idaho,22319,13.6,59.8,2.15,64407,87170,140275,61424,19883,69.2,884,16
2016,Illinois,157783,12.3,50.6,1.82,510243,606910,989644,658186,350786,74.1,6567,16
2016,Indiana,85814,13.0,55.2,1.99,281201,366496,535005,268614,103148,73,4409,20
2016,Iowa,41109,13.2,58.6,2.11,102099,131882,273416,142479,51615,79.5,1515,15
2016,Kansas,40033,13.8,60.2,2.17,110801,122918,238152,132830,60667,74.7,1960,20
2016,Kentucky,55667,12.6,53.8,1.94,176647,253711,368117,151086,85107,70.2,3333,24
2016,Louisiana,60733,13.1,54.1,1.95,212487,295223,368700,175338,71811,69.5,3392,23
2016,Maine,13554,10.2,46.3,1.67,37390,71729,101104,58285,24120,76.1,452,11
2016,Maryland,74732,12.5,50.9,1.83,214350,289962,435086,308234,219456,76.6,2987,16
2016,Massachusetts,74631,11.1,44.7,1.61,226927,304937,472770,399573,264878,76.7,1801,8
2016,Michigan,119371,12.0,52.0,1.87,365233,475746,860963,396629,198712,73,5752,17
2016,Minnesota,73145,13.4,57.6,2.08,181527,205057,452938,301526,127885,81.1,2355,13
2016,Mississippi,38127,12.8,53.2,1.91,132615,165224,275387,95832,48211,67.7,2544,24
2016,Missouri,76475,12.6,54.1,1.95,228514,306305,490933,258473,128720,74.4,3949,20
2016,Montana,11585,11.3,52.2,1.88,31890,51054,78015,43668,17457,75,395,13
2016,Nebraska,27484,14.6,63.6,2.29,70475,73258,159605,91600,37355,78.9,818,13
2016,Nevada,35200,12.4,51.8,1.86,144516,170680,229999,94420,40315,72.3,1529,18
2016,New Hampshire,14773,11.1,48.6,1.75,38838,64560,99626,67377,33709,77.3,484,11
2016,New Jersey,103847,11.6,48.9,1.76,327342,442531,582528,507689,265460,72.7,2373,8
2016,New Mexico,26395,12.7,55.5,2.00,98935,102412,174964,62918,36279,67.4,1703,25
2016,New York,230560,11.7,47.2,1.70,819165,950634,1411726,1036380,671150,71.3,7451,12
2016,North Carolina,123050,12.4,51.1,1.84,410126,467061,855504,464294,209455,71.7,6076,19
2016,North Dakota,11409,15.5,68.1,2.45,20039,30842,66284,38549,11765,79.7,560,24
2016,Ohio,141349,12.2,52.8,1.90,426383,629070,916596,468252,236189,74.6,6319,17
2016,Oklahoma,52506,13.5,58.2,2.09,166092,225851,310710,146511,53702,69.2,3205,26
2016,Oregon,45441,11.4,48.9,1.76,152152,179332,331721,176454,89179,72.5,1870,16
2016,Pennsylvania,147204,11.5,50.1,1.80,438993,734865,879948,576244,306882,73.5,6449,16
2016,Rhode Island,11615,11.0,45.5,1.64,38228,54394,86510,49986,26284,75.5,573,15
2016,South Carolina,59397,12.3,52.0,1.87,193001,261469,407381,188968,91205,72.2,2874,19
2016,South Dakota,12609,14.8,67.3,2.42,29288,38576,68600,38308,12512,79.1,612,22
2016,Tennessee,81912,12.5,52.3,1.88,255780,411938,506951,264414,126887,70.6,4629,23
2016,Texas,398001,14.8,59.4,2.14,1448465,1452265,2143658,1170423,488029,68.1,25035,27
2016,Utah,52918,17.9,72.2,2.60,123995,147561,284995,136488,39739,69.1,1383,12
2016,Vermont,5961,9.5,41.9,1.51,17849,30702,46444,31606,15556,77.1,197,9
2016,Virginia,106850,12.9,52.5,1.89,293899,397208,641361,436256,266672,73.7,4214,16
2016,Washington,89634,12.7,53.3,1.92,269861,324241,583333,343826,161015,71.1,2907,14
2016,West Virginia,19174,10.4,47.1,1.69,67051,120792,136618,55904,27124,64.9,966,18
2016,Wisconsin,67581,11.7,51.2,1.84,192705,276799,474509,265983,109358,79.3,2106,11
2016,Wyoming,7687,13.2,58.8,2.12,18849,28364,53395,21143,8909,75.7,321,18
2016,Puerto Rico,32266,9.1,37.5,1.35,149410,189074,279776,180968,61431,56.6,3430,28
2015,United States,4035432,12.7,52.9,1.90,13463371,16352014,25360642,14194504,6975700,71.6,197980,19
2015,Alabama,62458,12.9,53.8,1.94,217561,275888,412552,173766,81966,67.6,3804,24
2015,Alaska,11086,15.1,63.2,2.28,27201,42035,62624,30761,12711,73.9,480,21
2015,Arizona,85255,12.8,55.0,1.98,324735,326198,549075,241309,109039,68.3,4262,19
2015,Arkansas,39015,13.2,56.3,2.03,126841,183153,243080,96764,42586,67.4,2690,28
2015,California,495659,12.9,51.5,1.86,2059363,1820168,3116280,1782191,838131,68,22206,17
2015,Colorado,70351,13.3,54.8,1.97,203687,228281,417141,295981,139646,74.6,2808,17
2015,Connecticut,38667,10.8,45.1,1.62,128157,172784,256556,181935,118347,76,1370,11
2015,Delaware,11207,12.1,50.8,1.83,35611,52266,69754,40186,23005,73.9,427,14
2015,District of Columbia,9071,14.0,45.8,1.65,20463,30364,43018,49708,54422,77,317,16
2015,Florida,214558,10.9,47.7,1.72,757688,1066002,1559733,771124,340579,71.7,9803,17
2015,Georgia,138669,13.9,54.7,1.97,468049,564685,832401,442356,227997,69.7,8029,23
2015,Hawaii,20257,14.4,63.1,2.27,38826,76084,113543,64886,27523,72.4,819,21
2015,Idaho,23639,14.6,63.8,2.30,64330,86784,139573,60673,19363,69.3,1104,20
2015,Illinois,159227,12.4,50.6,1.82,524540,624259,1001754,652877,340651,73.7,7598,18
2015,Indiana,85945,13.1,55.1,1.98,283168,374695,538010,262875,99963,72.5,5062,23
2015,Iowa,40331,13.0,57.3,2.06,103319,134872,274776,140125,50412,79.4,1539,15
2015,Kansas,41356,14.3,61.9,2.23,111361,123931,241541,132925,58066,74.8,2293,23
2015,Kentucky,55759,12.7,53.7,1.93,177810,258767,369933,147860,84491,70.1,3519,25
2015,Louisiana,60331,13.0,53.6,1.93,215487,298015,370574,173743,68809,69.3,3371,22
2015,Maine,13643,10.3,46.1,1.66,38407,73426,103213,57501,23430,75.9,483,12
2015,Maryland,76132,12.8,51.6,1.86,216910,295265,442208,306558,213895,76.6,3461,18
2015,Massachusetts,75363,11.2,45.1,1.62,229505,310243,485004,393736,254198,76.5,2121,9
2015,Michigan,119952,12.1,51.9,1.87,371910,484917,869901,393125,193374,72.9,6093,18
2015,Minnesota,74517,13.8,58.5,2.11,182050,211709,457869,298210,123924,80.9,2886,16
2015,Mississippi,37267,12.5,51.6,1.86,136994,166121,279294,93780,45962,67.5,2816,27
2015,Missouri,76942,12.7,54.1,1.95,232973,312126,496311,254098,125938,74.3,4638,24
2015,Montana,11982,11.8,54.0,1.94,32261,51252,78081,43749,16589,74.5,454,15
2015,Nebraska,27829,14.9,64.4,2.32,69796,76179,161571,89012,35901,78.9,960,15
2015,Nevada,35569,12.7,52.7,1.90,146054,169488,228603,91682,38811,72,1595,19
2015,New Hampshire,14495,10.9,47.1,1.70,39544,65291,102811,66950,32960,76.7,456,10
2015,New Jersey,105536,11.9,49.3,1.77,332710,454472,591607,505077,258391,72.8,2639,9
2015,New Mexico,28086,13.5,58.6,2.11,102215,103503,175319,62917,35490,67.5,2018,29
2015,New York,235901,12.0,47.9,1.73,835593,967608,1434959,1025397,658315,71.1,8136,13
2015,North Carolina,125751,12.8,52.5,1.89,412347,470929,858812,453697,199812,71.7,6595,21
2015,North Dakota,11264,15.6,68.2,2.45,19616,30340,66906,37184,11163,79.6,658,29
2015,Ohio,141813,12.3,52.6,1.89,434642,644303,927500,459697,228874,74.4,7169,19
2015,Oklahoma,52173,13.6,57.9,2.08,166913,227030,310826,144531,51885,69,3349,27
2015,Oregon,46336,11.8,50.2,1.81,154284,183363,330597,171555,83490,72.2,1916,16
2015,Pennsylvania,147562,11.5,49.8,1.79,447422,752985,898951,567528,296135,73.4,7469,18
2015,Rhode Island,11854,11.3,46.0,1.66,39387,54336,88214,50147,25353,76.1,630,17
2015,South Carolina,60976,12.8,53.6,1.93,194390,266518,407204,182901,86487,71.7,3425,22
2015,South Dakota,12255,14.5,65.4,2.35,29649,38928,69920,36942,12089,79.3,699,25
2015,Tennessee,83442,12.8,53.3,1.92,258900,418994,504486,260651,122488,70.5,5218,25
2015,Texas,394467,14.9,59.5,2.14,1456959,1438148,2136332,1136668,461924,68,27893,30
2015,Utah,52838,18.2,73.0,2.63,122668,146524,284861,131926,37549,68.6,1475,13
2015,Vermont,5903,9.4,41.0,1.48,18193,31222,47934,31508,15027,76.9,205,9
2015,Virginia,109077,13.2,53.5,1.92,298037,401467,646767,436827,256850,73.5,4112,15
2015,Washington,89625,12.8,53.6,1.93,270459,328176,590396,330308,151901,71,3226,15
2015,West Virginia,18892,10.2,45.8,1.65,69238,123445,137807,55801,26243,64.5,1069,20
2015,Wisconsin,67476,11.8,50.8,1.83,196304,285453,481347,261636,104834,79,2291,12
2015,Wyoming,7673,13.2,58.6,2.11,18844,29022,53113,21160,8711,75.2,324,19
2015,Puerto Rico,34288,9.6,38.9,1.40,159630,193837,284427,181095,61434,56.2,3830,30
2014,United States,4087727,13.0,53.6,1.93,13658512,16530440,25441044,13963617,6716500,71.6,221286,21
2014,Alabama,63270,13.1,54.3,1.95,222698,277925,415276,170236,79591,67.8,4165,26
2014,Alaska,11319,15.5,64.2,2.31,27893,42112,63417,30857,12091,73.5,489,20
2014,Arizona,86173,13.1,55.9,2.01,325866,325702,550024,235151,104811,68.4,4767,22
2014,Arkansas,38087,12.9,54.9,1.98,130035,188045,242392,94329,39039,68,2901,30
2014,California,500977,13.2,52.3,1.88,2105502,1811499,3119213,1746203,803469,68,24521,19
2014,Colorado,70730,13.6,55.6,2.00,204291,228882,415770,288800,133344,74.5,3096,19
2014,Connecticut,40416,11.3,46.8,1.68,130708,176209,260111,180561,116163,75.9,1462,12
2014,Delaware,11374,12.4,51.4,1.85,36396,52706,70347,39906,21787,73.9,412,14
2014,District of Columbia,8891,14.0,45.8,1.65,21260,29880,43245,49769,49899,76.1,434,21
2014,Florida,214658,11.1,48.1,1.73,766820,1074650,1552302,749412,324078,71.7,10895,19
2014,Georgia,140817,14.2,55.7,2.00,471365,571354,830469,436314,218981,69.7,8472,25
2014,Hawaii,20380,14.6,63.6,2.29,39067,77883,113584,63370,26435,72.4,793,20
2014,Idaho,23905,14.9,64.5,2.32,64980,88200,138559,60523,18249,69.2,1102,20
2014,Illinois,163591,12.7,51.7,1.86,536366,629326,1013464,655007,332622,73.8,8691,20
2014,Indiana,86016,13.1,55.0,1.98,286159,384844,539465,257390,95483,72.4,5778,26
2014,Iowa,40039,13.0,56.8,2.05,104630,136631,276614,137899,48816,79.4,1589,15
2014,Kansas,41814,14.5,62.4,2.25,112211,126166,242643,133239,56112,75.1,2308,23
2014,Kentucky,56529,12.9,54.1,1.95,182609,263492,371614,145694,81696,69.9,4067,29
2014,Louisiana,62046,13.5,55.0,1.98,223364,299845,369249,171092,64806,69.4,3875,25
2014,Maine,14049,10.6,46.9,1.69,38844,77161,104312,56146,22951,76,492,12
2014,Maryland,76881,13.1,52.0,1.87,219989,302405,444920,304192,207033,76.9,3454,18
2014,Massachusetts,77031,11.6,46.1,1.66,232222,313830,486901,392145,246203,76.1,2213,10
2014,Michigan,122603,12.4,52.6,1.89,378057,496359,879179,388281,187676,72.8,6599,19
2014,Minnesota,74381,13.8,58.1,2.09,181661,216292,466295,294776,120225,80.7,3123,18
2014,Mississippi,40275,13.5,55.5,2.00,140025,167132,280664,94047,44020,67.5,3235,31
2014,Missouri,79260,13.1,55.4,1.99,238793,319126,498617,252341,121470,74.5,4990,25
2014,Montana,12352,12.3,55.6,2.00,32515,50594,80646,43568,15033,74.6,540,17
2014,Nebraska,27600,14.9,63.8,2.30,70392,77651,162569,87912,34306,79.3,1088,17
2014,Nevada,37054,13.4,55.4,1.99,147392,171348,224684,89376,36638,72.1,2032,24
2014,New Hampshire,14854,11.2,47.7,1.72,40319,67967,103531,67366,32000,76.8,436,9
2014,New Jersey,106972,12.1,49.7,1.79,336444,466963,596800,500979,252462,72.8,3158,11
2014,New Mexico,28349,13.6,58.7,2.11,103300,104152,177601,62778,35158,67.6,2304,33
2014,New York,241814,12.3,49.0,1.76,850760,984334,1446408,1008003,643842,70.9,9707,15
2014,North Carolina,128220,13.2,53.7,1.93,414258,477710,862083,447471,187851,71.8,8393,26
2014,North Dakota,10420,14.8,64.2,2.31,19821,29658,66726,35467,10753,80.2,571,25
2014,Ohio,143395,12.4,52.8,1.90,440742,660355,938015,453553,221228,74.2,7516,19
2014,Oklahoma,52722,13.8,58.6,2.11,166777,228999,311305,142421,50124,69.2,3765,30
2014,Oregon,47280,12.1,51.4,1.85,156674,184385,332742,166704,78995,72.1,2076,17
2014,Pennsylvania,146963,11.5,49.3,1.77,454858,772641,906504,562326,286029,73.2,8285,19
2014,Rhode Island,11617,11.0,44.7,1.61,41260,54203,89494,49889,24975,76.2,694,18
2014,South Carolina,61599,13.0,54.2,1.95,199175,268283,406169,178738,83496,71.6,4266,28
2014,South Dakota,12491,15.0,66.7,2.40,29839,39272,69964,36223,11895,79.4,682,24
2014,Tennessee,86428,13.4,55.2,1.99,263465,421833,506982,255104,116958,70.3,6154,30
2014,Texas,396152,15.2,60.5,2.18,1463083,1429057,2121231,1100760,434949,68,31356,34
2014,Utah,53118,18.6,74.4,2.68,121620,144834,284244,126434,36408,68.6,1659,15
2014,Vermont,6021,9.6,41.5,1.49,18320,32761,48252,30804,15066,76.9,246,11
2014,Virginia,109656,13.4,53.7,1.93,303203,407496,647263,434483,248047,73.4,4511,17
2014,Washington,90758,13.2,54.6,1.97,273399,327577,592423,321387,146958,71.1,3569,16
2014,West Virginia,19042,10.3,45.7,1.64,70974,126855,137828,55577,25629,64.6,1290,23
2014,Wisconsin,69748,12.2,52.1,1.88,199339,294971,484979,257334,102292,78.9,2690,14
2014,Wyoming,7590,13.2,57.8,2.08,18772,28885,53955,21280,8358,74.7,375,21
2014,Puerto Rico,37222,10.2,41.3,1.49,170460,196726,289442,182564,61188,56.1,4449,34
2013,United States,4165860,13.4,54.7,1.97,13828555,16727372,25419111,13774617,6475727,71.8,248543,21
2013,Alabama,65578,13.7,56.1,2.02,229763,279213,414886,169930,75135,68.3,4544,26
2013,Alaska,12010,16.7,68.2,2.46,28048,41405,64824,29799,11962,73.2,518,20
2013,Arizona,88162,13.6,57.5,2.07,324791,326271,546582,233757,101311,68.8,5825,22
2013,Arkansas,38668,13.2,55.7,2.01,132302,189517,242768,92867,36507,68.6,3094,30
2013,California,514155,13.7,53.9,1.94,2141423,1806061,3090691,1717731,774596,68.2,27902,19
2013,Colorado,70944,13.9,56.2,2.02,207386,228065,414461,284777,126670,74.4,3614,19
2013,Connecticut,40180,11.2,46.3,1.67,131646,179178,263842,180233,113663,76.1,1549,12
2013,Delaware,11904,13.1,53.8,1.94,37070,54423,69523,39661,20576,74,441,14
2013,District of Columbia,8460,13.7,44.6,1.61,21618,29789,43454,47145,47639,75.5,419,21
2013,Florida,220679,11.6,49.7,1.79,774753,1084297,1532683,733632,313920,72.2,12306,19
2013,Georgia,143485,14.6,56.9,2.05,474458,579312,824585,429883,213448,70,9516,25
2013,Hawaii,20210,14.7,63.3,2.28,39726,77967,113166,62570,25920,73,1091,20
2013,Idaho,25071,15.8,67.9,2.44,64321,88314,139505,59878,17289,69.9,1338,20
2013,Illinois,169451,13.2,53.2,1.92,546609,642085,1020638,650814,323681,74,9847,20
2013,Indiana,88098,13.5,56.2,2.02,291741,392437,538895,252319,92480,72.4,6340,26
2013,Iowa,40334,13.2,57.1,2.05,105489,140398,279680,135586,45497,79.6,1886,15
2013,Kansas,43361,15.1,64.5,2.32,112765,128892,244350,131816,54657,75.8,2494,23
2013,Kentucky,57137,13.1,54.6,1.97,185173,266448,370133,144227,79878,69.8,4414,29
2013,Louisiana,64381,14.1,57.1,2.06,225658,304433,366235,168766,62620,69.6,4598,25
2013,Maine,14255,10.7,47.0,1.69,38850,80886,105085,55604,22945,76.3,645,12
2013,Maryland,80059,13.7,54.2,1.95,221810,305740,446318,302417,201315,77.1,4054,18
2013,Massachusetts,78337,11.9,46.9,1.69,231838,314703,493531,391219,237339,76.1,2576,10
2013,Michigan,123290,12.5,52.5,1.89,386932,510668,885611,385186,181245,73,7419,19
2013,Minnesota,74062,13.8,57.7,2.08,183686,223111,469698,292095,115631,80.5,3172,18
2013,Mississippi,42188,14.2,57.7,2.08,143655,172571,278877,93757,41703,67.6,3987,31
2013,Missouri,80387,13.4,55.9,2.01,244568,326628,499349,249071,118211,74.7,5592,25
2013,Montana,12650,12.7,56.7,2.04,33500,50833,81218,43143,14317,75.1,724,17
2013,Nebraska,27848,15.1,64.3,2.32,69873,80059,162792,87147,33140,79.4,1186,17
2013,Nevada,37947,13.9,57.1,2.05,148722,170060,221034,89493,35668,72.3,2481,24
2013,New Hampshire,14739,11.2,46.8,1.68,41666,70180,106031,66752,30319,77.2,483,9
2013,New Jersey,109719,12.4,50.8,1.83,338773,478118,601146,497085,245173,72.9,3471,11
2013,New Mexico,29133,14.1,60.1,2.16,105639,106840,176016,62693,33710,68.2,2863,33
2013,New York,244282,12.5,49.5,1.78,860369,995103,1456531,997098,626839,70.9,10435,15
2013,North Carolina,131026,13.6,55.0,1.98,421345,484708,859242,441471,177049,71.8,9265,26
2013,North Dakota,10214,14.8,63.9,2.30,19403,29181,66012,34869,10449,80.7,446,25
2013,Ohio,145663,12.6,53.2,1.92,449069,680324,946651,447848,213332,74.4,8573,19
2013,Oklahoma,53400,14.1,59.5,2.14,167331,229691,312335,140738,47443,69.2,4138,30
2013,Oregon,47752,12.3,52.0,1.87,158173,185370,335517,163171,76354,72.5,2202,17
2013,Pennsylvania,148166,11.6,49.3,1.78,460251,795446,913660,557674,275707,73.2,8918,19
2013,Rhode Island,12054,11.5,46.0,1.66,41253,54056,91703,50292,24789,76.2,713,18
2013,South Carolina,63460,13.6,56.0,2.01,201422,270461,405044,176638,80590,72,4969,28
2013,South Dakota,12365,15.0,66.1,2.38,30280,40084,69639,35936,11241,79.4,644,24
2013,Tennessee,91077,14.2,58.3,2.10,268682,425773,506925,249406,112021,70.4,6635,30
2013,Texas,402540,15.7,62.2,2.24,1470195,1424082,2090888,1071173,410963,68.3,34642,34
2013,Utah,53252,18.9,75.5,2.72,119004,145181,283216,123441,34368,68.8,1939,15
2013,Vermont,6025,9.6,41.0,1.48,18477,33241,49172,31373,14635,77.3,299,11
2013,Virginia,108455,13.4,53.3,1.92,306003,412797,649679,430182,237614,73.5,5148,17
2013,Washington,91014,13.3,54.9,1.98,276422,329867,594094,314691,142424,71.3,3879,16
2013,West Virginia,19449,10.5,46.3,1.67,73547,128724,139311,53630,25190,64.8,1520,23
2013,Wisconsin,71034,12.4,52.7,1.90,204154,304779,488006,253506,98479,79.2,3336,14
2013,Wyoming,7750,13.6,59.2,2.13,18923,29602,53879,20427,8075,74.7,453,21
2013,Puerto Rico,38620,10.5,42.1,1.51,179860,201225,294206,183905,59085,56.4,4876,34
2012,United States,4278307,13.8,56.1,2.02,14016817,16966383,25376555,13643879,6276730,72.1,274252,26
2012,Alabama,68685,14.4,58.6,2.11,230802,285576,413332,168712,73389,68.8,5183,32
2012,Alaska,12696,17.9,72.1,2.60,28476,41602,65182,29161,11686,73.6,599,24
2012,Arizona,91202,14.2,59.7,2.15,328655,322636,544489,231951,99066,69.2,7106,32
2012,Arkansas,39227,13.5,56.4,2.03,134032,192994,241376,91216,35337,69.5,3366,34
2012,California,531999,14.3,55.9,2.01,2181125,1800121,3075364,1699853,753773,68.4,31766,24
2012,Colorado,72246,14.3,57.6,2.07,208592,231149,411426,280621,122748,74.7,4234,26
2012,Connecticut,42449,11.9,48.6,1.75,133167,181933,265247,181279,110961,76.1,1965,16
2012,Delaware,11365,12.6,51.3,1.85,37057,53767,72338,38744,19786,74.5,426,14
2012,District of Columbia,7740,12.8,41.8,1.51,22826,29672,42289,46193,44094,75.1,524,23
2012,Florida,225145,11.9,50.8,1.83,779177,1097150,1526339,726690,303270,72.7,13453,23
2012,Georgia,148010,15.2,58.8,2.12,479495,589694,812873,428820,207641,70.2,10303,30
2012,Hawaii,20587,15.1,64.4,2.32,40174,79909,114067,61288,24202,73.7,1166,29
2012,Idaho,26309,16.8,71.3,2.57,65226,88882,140030,57699,17318,70.6,1392,25
2012,Illinois,175076,13.7,54.7,1.97,558227,653212,1025010,649861,314847,73.9,11384,26
2012,Indiana,89519,13.8,56.9,2.05,296049,401859,535959,251569,89089,73.1,6370,28
2012,Iowa,41795,13.7,58.9,2.12,106390,143307,281476,133682,44256,79.9,2101,20
2012,Kansas,43522,15.3,64.4,2.32,113894,133006,243376,132298,53425,76.5,2562,26
2012,Kentucky,58935,13.6,56.1,2.02,188182,273427,369523,142716,76775,70,4663,33
2012,Louisiana,66111,14.6,58.7,2.11,227500,309690,365314,163995,59860,69.8,5340,34
2012,Maine,14482,10.9,47.0,1.69,40353,83799,106226,55373,22172,76.5,819,19
2012,Maryland,81265,14.0,54.9,1.97,224548,311513,447811,302833,194641,77.4,4058,21
2012,Massachusetts,79176,12.1,47.4,1.71,235481,317832,494815,389667,231482,76.2,3120,14
2012,Michigan,123716,12.5,52.0,1.87,394305,529991,892975,382833,178223,73.2,8121,23
2012,Minnesota,76531,14.4,59.2,2.13,184523,230451,474975,291082,110737,80.7,3340,19
2012,Mississippi,44253,14.9,60.3,2.17,147538,174792,277857,93522,40588,67.9,4180,38
2012,Missouri,81860,13.7,56.6,2.04,250970,335066,497482,247056,115008,75.1,5629,27
2012,Montana,13037,13.2,58.1,2.09,34258,52447,80780,43141,13594,75.4,825,26
2012,Nebraska,27781,15.2,64.1,2.31,69007,83605,163259,85430,32039,79.9,1437,23
2012,Nevada,39625,14.7,59.7,2.15,150024,167905,221375,89722,34712,72.7,2553,29
2012,New Hampshire,14452,11.0,45.3,1.63,42589,71739,107551,67219,29933,77.6,463,10
2012,New Jersey,116203,13.2,53.5,1.93,343123,487056,603198,498755,238800,73.1,4091,14
2012,New Mexico,29480,14.3,60.6,2.18,107628,107914,175573,62295,32760,68.7,3168,44
2012,New York,248974,12.8,50.3,1.81,879015,1005790,1463677,989929,613457,71.2,11210,17
2012,North Carolina,134256,14.1,56.4,2.03,425880,491398,853128,437863,170421,72.2,10238,32
2012,North Dakota,9978,14.8,63.0,2.27,19316,29101,65587,34488,9784,81.3,434,19
2012,Ohio,149929,13.0,54.3,1.96,456033,702385,951455,444594,205563,74.6,9960,25
2012,Oklahoma,54379,14.5,60.7,2.19,167298,231098,312074,139100,45687,70,4492,35
2012,Oregon,49970,13.0,54.5,1.96,158647,188650,333025,161532,74192,72.8,2441,20
2012,Pennsylvania,152277,12.0,50.3,1.81,467815,814312,924390,552890,265962,73.1,9394,21
2012,Rhode Island,12550,11.9,47.4,1.71,42079,55548,92692,50399,23880,76.1,727,18
2012,South Carolina,65588,14.2,57.9,2.08,203604,280893,398067,172964,77227,71.8,5413,34
2012,South Dakota,12077,14.8,64.5,2.32,30512,41539,69076,34958,11026,79.9,652,23
2012,Tennessee,94675,14.9,60.6,2.18,274120,428235,505728,246998,106440,70.7,7066,34
2012,Texas,411804,16.3,64.3,2.32,1480835,1421895,2064935,1043922,390652,68.3,37849,42
2012,Utah,54089,19.6,77.6,2.79,118981,147696,277788,119543,33408,69.5,2122,20
2012,Vermont,6317,10.1,42.4,1.53,18907,34332,49868,31264,14621,77.8,274,12
2012,Virginia,109017,13.6,53.6,1.93,312353,419379,647015,425277,229457,73.8,5236,19
2012,Washington,94898,14.1,57.3,2.06,277755,330886,596717,309346,140060,71.8,4844,22
2012,West Virginia,20486,11.1,48.4,1.74,74791,132254,138624,52818,24716,65,1758,30
2012,Wisconsin,74525,13.1,54.8,1.97,206773,316855,490203,250695,96596,79.6,3916,20
2012,Wyoming,8039,14.3,61.8,2.22,18710,30441,53619,20023,7369,74.5,519,29
2012,Puerto Rico,40628,10.9,43.6,1.57,190899,200822,298983,183642,57408,56.5,5113,37
2011,United States,4295187,14.0,56.3,2.03,14199366,17517461,24965750,13519322,6093255,72.1,290263,27
2011,Alabama,68722,14.5,58.5,2.11,239509,292142,404380,166369,72306,68.8,5408,32
2011,Alaska,12976,18.5,73.8,2.66,28984,41955,64577,29380,10882,73.7,762,30
2011,Arizona,93471,14.7,61.4,2.21,333873,330218,531658,229171,96421,69.2,7601,34
2011,Arkansas,40085,13.8,57.7,2.08,137369,196915,236087,90457,33735,69.8,3844,39
2011,California,534484,14.5,56.4,2.03,2204356,1851764,3012671,1677573,733841,68.3,33027,24
2011,Colorado,71928,14.5,57.6,2.07,209924,240069,403096,276362,118904,74.7,4537,28
2011,Connecticut,43263,12.2,49.4,1.78,136556,187825,262377,181399,107719,76,2260,18
2011,Delaware,10665,12.0,48.2,1.73,37289,55474,71932,37572,19041,74.3,391,12
2011,District of Columbia,7809,13.1,43.1,1.55,22697,29843,41964,44860,41702,74.2,647,28
2011,Florida,224473,12.0,50.7,1.83,789827,1122913,1493389,722654,295686,72.7,14663,25
2011,Georgia,145038,15.1,57.8,2.08,484060,610424,786217,428665,201069,70.6,10656,31
2011,Hawaii,20050,14.9,63.0,2.27,40877,80441,113810,60520,22831,73.7,1202,29
2011,Idaho,27222,17.6,73.9,2.66,66157,89848,138594,57471,16520,70.7,1670,30
2011,Illinois,178598,14.0,55.5,2.00,568611,680396,1021169,643804,305288,73.6,11917,26
2011,Indiana,90139,14.0,57.0,2.05,298133,421075,528424,247674,86110,73,6673,29
2011,Iowa,41905,13.8,58.9,2.12,107673,150189,279348,132528,42130,79.9,2224,21
2011,Kansas,43505,15.4,64.1,2.31,114191,139859,241111,132502,51239,76.7,2685,27
2011,Kentucky,59948,13.9,56.8,2.05,194712,283250,362521,140417,74091,69.8,4867,34
2011,Louisiana,67481,15.0,60.0,2.16,230830,319841,356648,160759,56753,69.2,6105,38
2011,Maine,14851,11.2,47.5,1.71,41498,86620,106103,55947,22184,76.5,772,18
2011,Maryland,81661,14.2,55.1,1.98,228171,317899,444791,302652,188759,77.3,4228,21
2011,Massachusetts,80541,12.4,48.3,1.74,240126,327684,486900,389207,225126,75.8,3379,15
2011,Michigan,127208,12.8,52.8,1.90,400683,555111,895080,383333,176233,73.4,8689,24
2011,Minnesota,77305,14.6,59.6,2.14,186901,240940,474446,288039,107503,80.5,3765,21
2011,Mississippi,44318,15.0,60.2,2.17,153029,180556,270380,92491,39525,68.1,4615,41
2011,Missouri,81434,13.7,56.0,2.02,256320,345871,493423,245113,113208,75.2,5713,27
2011,Montana,13287,13.5,58.8,2.12,35081,55614,79244,42731,13288,75.1,983,29
2011,Nebraska,27880,15.4,64.3,2.31,69319,87319,161600,85002,30510,79.8,1499,23
2011,Nevada,40068,15.0,60.6,2.18,149559,171706,216645,88795,34156,72.4,2648,31
2011,New Hampshire,14523,11.0,44.9,1.62,43528,74897,107957,66836,29940,77.4,529,11
2011,New Jersey,118487,13.5,54.4,1.96,346053,503187,599446,498913,231144,72.9,4153,14
2011,New Mexico,30350,14.9,62.3,2.24,110325,112091,171121,62624,31117,68.5,3373,46
2011,New York,250268,13.0,50.4,1.82,890580,1044157,1444386,982218,600116,70.9,11687,17
2011,North Carolina,133537,14.2,56.4,2.03,427520,509626,831288,432951,165676,72.5,10615,33
2011,North Dakota,9588,14.4,60.8,2.19,19574,29690,64974,34528,8827,81.2,437,19
2011,Ohio,151230,13.1,54.2,1.95,465852,732787,942506,445397,201504,74.6,11169,28
2011,Oklahoma,54036,14.5,60.4,2.18,170614,236109,307092,136459,43941,70,4749,37
2011,Oregon,49938,13.1,54.6,1.97,161811,197293,325401,159325,71059,72.9,2632,21
2011,Pennsylvania,154198,12.2,50.6,1.82,476975,842063,918416,549659,257271,73.1,9771,22
2011,Rhode Island,12998,12.3,48.5,1.75,42746,58380,91928,50732,24113,75.9,645,16
2011,South Carolina,65382,14.3,57.9,2.08,206714,292045,385690,170258,75003,71.8,5521,35
2011,South Dakota,11974,14.8,63.8,2.30,30720,42587,69060,34619,10598,80.1,651,23
2011,Tennessee,94686,15.0,60.7,2.18,280224,440067,495298,242328,102787,70.9,7481,35
2011,Texas,409522,16.5,64.6,2.33,1479673,1450883,2006061,1024829,375395,68.3,39495,44
2011,Utah,53674,19.8,77.8,2.80,118234,150276,273906,115512,31806,69.1,2263,21
2011,Vermont,6477,10.4,42.9,1.54,19332,36065,49663,31276,14587,78.3,255,11
2011,Virginia,106710,13.5,52.6,1.89,316323,431938,635218,422451,221444,73.8,5606,21
2011,Washington,94820,14.3,57.5,2.07,279304,338227,591865,305465,135115,72.1,4979,22
2011,West Virginia,19772,10.7,46.3,1.67,77989,136866,135751,52755,23771,64.8,1895,32
2011,Wisconsin,75116,13.3,54.8,1.97,209670,333312,487449,246991,94002,79.6,4337,22
2011,Wyoming,7586,13.7,58.3,2.10,19290,31154,52689,19749,7279,74.8,590,32
2011,Puerto Rico,42281,11.3,44.8,1.61,200939,209015,296003,183181,54825,56.2,5703,41
2010,United States,4308790,14.2,56.5,2.03,14365180,18086559,24530211,13375042,5918930,72.1,300255,28
2010,Alabama,66445,14.1,56.6,2.04,243800,300474,394448,164317,70934,68.7,5774,34
2010,Alaska,12974,18.8,74.1,2.67,30247,43431,62986,28019,10368,73.9,850,32
2010,Arizona,93740,15.0,62.1,2.24,333426,334322,518380,227881,95641,69.2,8112,37
2010,Arkansas,40505,14.1,58.4,2.10,138092,203425,229716,89408,33491,70.1,4184,42
2010,California,534384,14.6,56.5,2.03,2227471,1893727,2955575,1665294,713641,68.2,33880,25
2010,Colorado,71406,14.6,57.5,2.07,214069,246485,395034,271449,114122,74.5,4514,28
2010,Connecticut,43991,12.4,50.0,1.80,135749,196795,260187,180824,105682,75.7,2304,19
2010,Delaware,11206,12.7,50.6,1.82,38288,58748,69039,37174,18296,74.5,540,17
2010,District of Columbia,8121,13.9,45.8,1.65,24782,30115,39792,43131,39442,74.5,727,32
2010,Florida,227748,12.3,51.5,1.85,797553,1154752,1460148,718614,289930,72.6,15609,26
2010,Georgia,143991,15.2,57.7,2.08,487681,627112,763104,425567,193473,70.7,11243,32
2010,Hawaii,18847,14.1,59.0,2.13,40439,83013,112467,60935,22326,74,1038,25
2010,Idaho,26609,17.4,72.4,2.61,67875,92908,135154,55572,15881,71,1745,31
2010,Illinois,181623,14.3,56.2,2.02,579943,698597,1021626,634220,297934,73.4,11805,26
2010,Indiana,90479,14.1,57.0,2.05,302897,435780,520386,243041,84993,73.3,6917,30
2010,Iowa,43176,14.3,60.3,2.17,109760,156750,277117,131711,40422,80.2,2360,22
2010,Kansas,43262,15.4,63.6,2.29,116339,147840,236942,129566,49772,76.8,2782,28
2010,Kentucky,60114,14.0,56.8,2.04,197847,294574,355674,138049,72384,69.7,5199,36
2010,Louisiana,66432,15.0,59.3,2.13,235300,324300,346520,158491,55598,69.2,6501,40
2010,Maine,15037,11.3,47.5,1.71,43596,91593,104810,55229,21408,76.2,759,17
2010,Maryland,83368,14.6,56.1,2.02,231564,328728,440340,302384,183086,77.2,4253,21
2010,Massachusetts,79629,12.3,47.6,1.71,240414,343180,477406,390632,221382,75.7,3375,15
2010,Michigan,130487,13.1,53.4,1.92,410077,584246,893923,384411,172257,73.5,9186,25
2010,Minnesota,78175,14.9,60.0,2.16,187972,252682,475033,285229,102963,80.5,4058,22
2010,Mississippi,45879,15.6,62.1,2.24,157051,188506,262749,92658,37872,68.3,5001,45
2010,Missouri,80249,13.6,54.9,1.98,261149,362812,484846,242547,109523,75.2,5678,27
2010,Montana,13439,13.8,59.2,2.13,36566,57013,78402,42307,12676,75.1,1131,33
2010,Nebraska,28898,16.1,66.5,2.39,69585,91274,159877,84224,29524,79.6,1562,25
2010,Nevada,39518,15.0,60.4,2.17,146627,174292,213835,85756,33600,72.5,2675,31
2010,New Hampshire,14831,11.3,45.4,1.63,44255,79614,106174,67596,29020,77.2,631,13
2010,New Jersey,119743,13.7,54.7,1.97,350028,519722,594994,496663,226479,72.8,4576,16
2010,New Mexico,29604,14.7,60.7,2.18,110761,117250,167699,61594,30530,68.6,3333,45
2010,New York,250659,13.0,50.4,1.81,900379,1086857,1428580,974476,585919,70.8,12577,19
2010,North Carolina,133140,14.4,56.7,2.04,428738,528830,808043,424527,158551,72.6,11161,35
2010,North Dakota,9272,14.1,58.8,2.12,20009,31507,64109,33504,8461,81,477,20
2010,Ohio,153737,13.4,54.6,1.97,475321,767993,933640,444575,194262,74.7,11262,28
2010,Oklahoma,52619,14.3,58.9,2.12,172789,242546,301771,133362,42212,70.1,4826,37
2010,Oregon,50439,13.4,55.2,1.99,164297,202650,320491,157729,68276,73.1,2840,23
2010,Pennsylvania,154383,12.2,50.5,1.82,484566,874381,906208,545276,249240,73,9626,21
2010,Rhode Island,13023,12.3,48.1,1.73,44281,61334,90336,50192,24503,75.3,653,16
2010,South Carolina,63251,14.0,56.2,2.02,208978,302667,372459,168030,72562,72.2,5498,34
2010,South Dakota,12046,15.1,64.1,2.31,30550,44592,67919,34807,9985,80,609,21
2010,Tennessee,95958,15.4,61.6,2.22,287685,449155,485575,236850,99428,70.7,7777,37
2010,Texas,409412,16.8,65.4,2.35,1485486,1474731,1944541,999818,360222,68.3,39989,45
2010,Utah,54739,20.6,80.5,2.90,117270,152355,267564,111546,30949,69.3,2406,22
2010,Vermont,6669,10.7,43.6,1.57,19895,38138,49389,31120,14505,78.5,330,14
2010,Virginia,105640,13.5,52.3,1.88,319765,447823,623595,416684,212365,73.9,5752,21
2010,Washington,95585,14.6,58.2,2.09,281612,346125,582979,301218,131657,72.3,5191,23
2010,West Virginia,20438,11.1,47.5,1.71,78918,142386,134370,52300,22390,64.7,1977,33
2010,Wisconsin,76107,13.5,55.2,1.99,213334,346129,482596,245545,92184,79.9,4326,22
2010,Wyoming,7763,14.2,59.9,2.16,20104,32300,51663,18990,6609,75.1,676,37
2010,Puerto Rico,43201,11.5,45.3,1.63,210539,215595,293065,182491,52570,56,5725,40
2009,United States,4263387,14.1,56.2,2.02,14235636,18483710,24121706,13200960,5754821,72.1,290876,28
2009,Alabama,66776,14.4,57.6,2.07,239747,304964,382232,162931,69666,68.6,6053,38
2009,Alaska,12413,18.2,70.6,2.54,30069,45584,62168,27609,10439,73.9,726,28
2009,Arizona,94426,14.9,62.0,2.23,338219,351027,509779,229385,95423,69.1,7555,36
2009,Arkansas,40916,14.4,59.1,2.13,135932,207921,224165,90307,33455,70.5,4337,44
2009,California,527955,14.5,56.9,2.05,2182361,1908135,2867100,1634105,692998,68,32143,25
2009,Colorado,70451,14.5,57.0,2.05,212334,252770,393556,267450,110365,74.6,4494,28
2009,Connecticut,42899,12.3,49.1,1.77,133056,198971,258374,179256,104190,75.3,1979,16
2009,Delaware,11083,12.8,50.9,1.83,36738,59728,66633,36904,17936,74.9,543,18
2009,District of Columbia,8174,13.9,47.8,1.72,26108,31566,38744,37516,37222,74.3,744,33
2009,Florida,229442,12.6,53.0,1.91,779020,1151628,1409788,705697,279136,72.5,15482,27
2009,Georgia,141572,14.9,56.7,2.04,485672,640550,748914,429134,191572,71.1,10671,32
2009,Hawaii,18473,14.4,60.4,2.17,37720,80456,106929,58810,21906,73.6,937,25
2009,Idaho,26057,17.5,71.7,2.58,66985,93615,133775,53339,15503,71.2,1794,32
2009,Illinois,180178,14.1,55.5,2.00,579159,721802,1030635,627434,287011,73.3,12066,27
2009,Indiana,90950,14.3,57.6,2.07,300370,445893,513288,237741,82646,73.5,6728,30
2009,Iowa,43694,14.7,60.8,2.19,108289,163731,276998,131228,38708,80.2,2592,24
2009,Kansas,43060,15.5,63.1,2.27,113817,154001,238381,128231,47993,76.8,2767,28
2009,Kentucky,60962,14.3,57.2,2.06,198879,305927,351725,138002,71156,69.7,4883,35
2009,Louisiana,66946,15.2,59.2,2.13,236998,337400,345404,156840,54858,69.1,6550,41
2009,Maine,15683,11.9,48.8,1.76,44659,94344,105673,55945,20483,76.1,935,21
2009,Maryland,83248,14.8,56.4,2.03,227998,335422,436127,299251,177043,76.9,4604,23
2009,Massachusetts,78226,12.0,46.4,1.67,241999,356582,475420,390584,220399,75.4,3348,14
2009,Michigan,133265,13.3,53.2,1.92,421450,622940,903968,387021,168574,73.2,8784,24
2009,Minnesota,76705,14.8,58.8,2.12,184852,260488,475357,283018,100761,80.5,3963,22
2009,Mississippi,46342,15.9,62.8,2.26,160210,196811,254238,90734,36467,68.7,4726,43
2009,Missouri,80082,13.6,54.3,1.95,266865,377843,482387,242066,106071,75.2,5967,29
2009,Montana,12298,12.9,53.6,1.93,36683,59911,79748,40797,12136,75.6,1185,35
2009,Nebraska,28894,16.3,66.8,2.40,68301,94181,159552,82874,27852,79.4,1807,28
2009,Nevada,36624,14.4,58.8,2.12,141261,168132,200180,81975,31838,72.4,2321,29
2009,New Hampshire,14368,10.9,43.2,1.55,45261,82431,109162,67757,28359,77.2,685,14
2009,New Jersey,118260,13.7,54.6,1.97,344444,522308,587362,493027,218066,72.6,4692,17
2009,New Mexico,29701,15.1,61.6,2.22,108790,119567,161550,61536,30409,69.2,3523,50
2009,New York,245096,12.6,49.0,1.77,899687,1123536,1422140,969762,583649,70.6,12289,18
2009,North Carolina,127907,14.1,55.8,2.01,417487,535427,777295,411252,150765,72.7,10244,33
2009,North Dakota,9400,14.7,60.2,2.17,19639,33332,63979,32052,7132,80.4,647,27
2009,Ohio,155597,13.5,54.4,1.96,486002,809233,927907,443372,191220,74.6,10794,27
2009,Oklahoma,53577,14.8,60.6,2.18,172074,245305,294308,131663,41437,69.9,4747,38
2009,Oregon,49414,13.3,54.2,1.95,160965,208882,319747,155891,66593,73.1,2577,21
2009,Pennsylvania,154050,12.3,50.3,1.81,485079,903566,894727,535279,242300,72.8,9123,20
2009,Rhode Island,12475,11.8,46.0,1.66,43882,64219,88233,50147,24657,75.8,578,15
2009,South Carolina,61349,13.9,55.5,2.00,207879,306856,357377,164559,68354,72.3,4939,32
2009,South Dakota,12153,15.3,64.1,2.31,30601,46210,68811,34442,9670,80.3,779,27
2009,Tennessee,93449,15.2,60.2,2.17,287929,457973,475649,235199,95529,70.9,7386,36
2009,Texas,398982,16.8,65.6,2.36,1451514,1460900,1866999,962853,340298,68.3,37197,44
2009,Utah,53187,20.1,77.8,2.80,115316,156178,273218,109148,30217,70.1,2357,22
2009,Vermont,6442,10.4,41.5,1.49,21001,39269,49130,32215,13766,78.3,349,15
2009,Virginia,105402,13.7,52.8,1.90,314619,457429,607030,412436,203076,73.9,5946,22
2009,Washington,91002,14.1,55.9,2.01,276822,351368,574855,297961,127046,72.4,4690,22
2009,West Virginia,20658,11.4,47.8,1.72,79655,146712,132902,50671,22237,64.8,1978,34
2009,Wisconsin,75674,13.5,54.3,1.96,211834,358118,487562,245403,90197,79.7,4072,20
2009,Wyoming,7450,14.2,58.8,2.12,19405,32568,50525,18151,6037,76.2,600,33
2009,Puerto Rico,44795,11.4,44.3,1.60,226443,227689,308323,194562,53053,55.7,5876,40
