Years,States,Total women with births,Birth rate,Less than high school graduate,High school graduate,Some college or associate's degree,Bachelor's degree,Graduate or professional degree,Percent of women in labor force,Teenage pregnancy,Teenage birth Rate,Total population,Total sex ratio,Total households,Households with own children ,Median household income,"Marriage Rate Per 1,000 Women"
2017,United States,3994223,12.4,13105452,16069512,24932063,14765055,7544846,72.0,157388,15,321004407,97.0,118825921,33552189,57652,17.1
2017,Alabama,58732,12.1,211597,271194,403874,176743,87115,67.6,2903,18,4850771,94.0,1856695,493516,46472,15.1
2017,Alaska,10582,14.3,26089,41031,60978,32478,13587,74.2,408,18,738565,109.7,252536,80061,76114,25.3
2017,Arizona,85196,12.5,319514,330941,545369,256268,118911,69.1,3290,15,6809946,98.8,2482311,678438,53510,15.6
2017,Arkansas,40901,13.7,123583,178504,240093,99859,47491,67.9,2514,26,2977944,96.4,1147291,316212,43813,21.6
2017,California,478458,12.3,1960608,1823766,3079864,1861392,917215,68.4,16079,13,38982847,98.7,12888128,3998258,67169,16.2
2017,Colorado,69064,12.7,203685,232370,409682,314878,153519,74.9,2404,14,5436519,101.0,2082531,600061,65458,22.0
2017,Connecticut,36794,10.2,122186,166055,246719,184945,120251,76.1,1164,10,3594478,95.3,1361755,376268,73781,13.2
2017,Delaware,10598,11.2,35162,53169,66664,39430,24671,73.4,271,9,943732,93.8,352357,89595,63036,18.2
2017,District of Columbia,9567,14.2,19432,30576,41084,52311,59881,78.3,328,17,672391,90.3,277985,51248,77649,20.4
2017,Florida,220509,10.9,753345,1064256,1555740,826216,368964,71.7,7831,14,20278447,95.7,7510882,1818655,50883,15.7
2017,Georgia,136101,13.3,458915,556968,826647,461302,251628,70.5,6976,20,10201635,95.0,3663104,1111773,52977,17.3
2017,Hawaii,19748,13.9,37488,76482,111044,67604,28756,73.2,520,14,1421658,100.9,455502,119836,74923,17.5
2017,Idaho,22877,13.8,64480,86385,140494,63881,21103,69.2,810,14,1657375,100.5,609124,184691,50985,22.9
2017,Illinois,156704,12.2,500117,599863,973087,658725,360036,74.2,5474,13,12854526,96.5,4818452,1362943,61229,15.9
2017,Indiana,83517,12.6,277788,363496,526887,276987,107556,73.0,3805,17,6614418,97.1,2537189,720794,52182,19.7
2017,Iowa,41743,13.4,102307,131889,267735,145350,54693,79.7,1689,16,3118102,98.6,1251587,350647,56570,17.6
2017,Kansas,39414,13.6,109329,118993,235327,135765,63039,75.0,1687,17,2903820,99.2,1121943,330761,55477,20.8
2017,Kentucky,55402,12.5,173118,248369,366944,153971,88159,70.5,3028,21,4424376,97.0,1724514,469118,46535,21.2
2017,Louisiana,60549,13.0,206741,292844,363819,179745,75766,69.3,3272,22,4663461,95.8,1737645,477342,46710,14.2
2017,Maine,14100,10.6,36606,69503,98390,59720,25696,76.7,336,8,1330158,95.9,554061,130252,53024,13.5
2017,Maryland,74140,12.4,214778,283119,425848,311691,226069,76.7,2626,14,5996079,94.1,2181093,629902,78916,17.4
2017,Massachusetts,76567,11.3,226258,299888,462218,405085,275494,76.8,1512,7,6789319,94.2,2585715,700352,74167,15.5
2017,Michigan,120630,12.2,356923,469624,847458,404102,206317,73.3,4897,15,9925568,96.7,3888646,1028999,52668,16.1
2017,Minnesota,73295,13.3,180773,204765,444174,305286,133874,81.4,2101,12,5490726,99.0,2153202,619652,65699,15.4
2017,Mississippi,37818,12.7,131707,162156,274057,96647,50225,67.8,2383,23,2986220,94.2,1103514,310111,42009,16.3
2017,Missouri,76296,12.6,223898,299790,488649,261686,133229,74.6,3489,18,6075300,96.4,2386203,646798,51542,18.5
2017,Montana,12139,11.8,31714,51357,76436,44834,18480,74.8,446,14,1029862,101.1,419975,104286,50801,17.5
2017,Nebraska,27898,14.7,70046,73437,158258,92124,38728,78.7,730,12,1893921,99.3,748405,219928,56675,16.2
2017,Nevada,35640,12.3,141295,173573,233145,97363,42737,72.6,1283,15,2887725,100.9,1052249,291970,55434,18.6
2017,New Hampshire,15210,11.4,37999,62945,97133,67489,35501,77.7,371,9,1331848,98.0,526710,137505,71305,15.7
2017,New Jersey,100779,11.2,322286,434028,573834,514651,274146,72.8,1967,7,8960161,95.3,3199111,973647,76475,13.8
2017,New Mexico,26525,12.7,97335,102835,173011,63084,37072,67.4,1668,25,2084828,98.0,770435,206628,46718,15.2
2017,New York,228874,11.6,803937,941715,1379181,1053055,689311,71.5,6271,10,19798228,94.2,7302710,1950536,62765,15.3
2017,North Carolina,121971,12.1,406430,463335,848032,476497,224036,72.1,5235,16,10052564,94.9,3874346,1080838,50320,17.2
2017,North Dakota,11410,15.3,20206,30404,65147,40602,12433,79.9,517,23,745475,105.2,311525,81820,61285,23.0
2017,Ohio,141773,12.2,421157,623001,900857,476315,245890,74.9,6130,16,11609756,96.0,4633145,1236620,52407,17.3
2017,Oklahoma,53590,13.8,165502,224239,310410,148564,55820,69.2,2937,23,3896251,98.2,1468971,422451,49767,20.1
2017,Oregon,46891,11.6,152767,176671,329831,184324,94407,73.0,1699,14,4025127,98.2,1571631,412487,56119,17.7
2017,Pennsylvania,147285,11.5,432358,716883,862722,586846,317668,73.8,5872,14,12790505,95.9,5007442,1277050,56951,15.7
2017,Rhode Island,11841,11.2,37389,55548,84464,50482,26428,75.5,474,13,1056138,94.3,412028,107918,61043,10.9
2017,South Carolina,61725,12.6,193358,261693,404656,193070,95512,72.5,2488,16,4893444,94.4,1871307,487702,48781,16.2
2017,South Dakota,12697,14.8,29005,37605,67978,38957,13209,79.0,518,19,855444,101.3,339458,94783,54126,18.0
2017,Tennessee,80791,12.2,252394,405774,506044,270519,133973,71.1,4526,22,6597381,95.2,2547194,688628,48708,19.6
2017,Texas,397530,14.5,1440460,1470981,2156977,1211873,519730,68.2,21768,23,27419612,98.7,9430419,3121623,57051,20.0
2017,Utah,52639,17.6,123594,149964,286751,141492,42947,69.2,1263,11,2993941,101.3,938365,357532,65325,27.3
2017,Vermont,6042,9.7,17368,30743,45078,31622,16023,77.5,170,8,624636,97.3,258535,61806,57808,14.9
2017,Virginia,105067,12.6,291315,387522,635256,442578,274147,74.0,3410,13,8365952,96.8,3105636,897089,68766,17.9
2017,Washington,92040,12.8,268559,318910,581163,359238,172397,71.5,2729,13,7169967,99.8,2755697,775948,66174,17.9
2017,West Virginia,19682,10.7,65274,120185,134152,55062,27933,65.0,962,18,1836843,97.7,737671,176206,44061,15.8
2017,Wisconsin,67517,11.7,188926,272693,466782,270496,113458,79.6,1782,9,5763217,98.8,2328754,627112,56759,16.1
2017,Wyoming,7365,12.6,18351,27475,51920,21851,9615,75.8,375,21,583200,104.7,230237,63793,60938,24.2
2017,Puerto Rico,29668,8.6,138964,186207,274358,178546,61155,56.8,3046,26,3468963,91.1,1222606,313745,19775,6.3
2016,United States,4001559,12.6,13274104,16157389,25176557,14443272,7235643,71.8,177413,17,318558162,96.9,117716237,33567476,55322,17.0
2016,Alabama,59424,12.3,213979,271194,409706,175546,84556,67.7,3465,22,4841164,94.0,1851061,494915,44758,15.9
2016,Alaska,10518,14.3,26616,42415,60723,32162,13186,74.0,429,19,736855,109.6,250235,79715,74444,25.7
2016,Arizona,84496,12.6,320346,327591,548227,248188,113042,68.8,3569,16,6728577,98.8,2448919,677259,51340,16.9
2016,Arkansas,39828,13.4,125792,180431,241510,98037,45077,67.4,2753,28,2968472,96.4,1141480,314827,42336,20.9
2016,California,486456,12.6,2011433,1805523,3102061,1812992,875222,68.1,18575,14,38654206,98.7,12807387,4032893,63783,16.5
2016,Colorado,68806,12.8,202979,230606,415826,303715,146146,74.6,2659,16,5359295,100.7,2051616,599074,62520,23.5
2016,Connecticut,37545,10.5,124187,169195,252899,183660,118560,76.0,1318,11,3588570,95.2,1354713,383407,71755,15.9
2016,Delaware,11136,11.9,35679,52810,68030,40369,23304,74.2,364,12,934695,93.8,348051,90112,61017,13.2
2016,District of Columbia,9531,14.5,20268,31166,41736,51101,56399,78.0,353,18,659009,90.3,276546,52404,72935,23.5
2016,Florida,216349,10.9,752671,1064843,1556870,792910,353553,71.6,8697,15,19934451,95.6,7393262,1799737,48900,14.5
2016,Georgia,139714,13.8,463593,555515,832846,451857,240794,70.1,7646,22,10099320,95.1,3611706,1106817,51037,17.7
2016,Hawaii,20121,14.2,38203,76371,112652,66565,28618,73.0,636,16,1413673,100.9,452030,120759,71977,19.9
2016,Idaho,22319,13.6,64407,87170,140275,61424,19883,69.2,884,16,1635483,100.5,596107,182075,49174,20.7
2016,Illinois,157783,12.3,510243,606910,989644,658186,350786,74.1,6567,16,12851684,96.5,4802124,1378226,59196,15.2
2016,Indiana,85814,13.0,281201,366496,535005,268614,103148,73.0,4409,20,6589578,97.0,2513828,719319,50433,20.0
2016,Iowa,41109,13.2,102099,131882,273416,142479,51615,79.5,1515,15,3106589,98.7,1242641,349173,54570,15.9
2016,Kansas,40033,13.8,110801,122918,238152,132830,60667,74.7,1960,20,2898292,99.0,1115858,330007,53571,19.3
2016,Kentucky,55667,12.6,176647,253711,368117,151086,85107,70.2,3333,24,4411989,97.0,1718217,472318,44811,18.1
2016,Louisiana,60733,13.1,212487,295223,368700,175338,71811,69.5,3392,23,4645670,95.7,1731398,483152,45652,15.0
2016,Maine,13554,10.2,37390,71729,101104,58285,24120,76.1,452,11,1329923,96.0,551109,130748,50826,15.5
2016,Maryland,74732,12.5,214350,289962,435086,308234,219456,76.6,2987,16,5959902,93.9,2177492,636043,76067,16.7
2016,Massachusetts,74631,11.1,226927,304937,472770,399573,264878,76.7,1801,8,6742143,94.1,2558889,702534,70954,15.1
2016,Michigan,119371,12.0,365233,475746,860963,396629,198712,73.0,5752,17,9909600,96.6,3860394,1035179,50803,16.4
2016,Minnesota,73145,13.4,181527,205057,452938,301526,127885,81.1,2355,13,5450868,98.9,2135310,619038,63217,17.2
2016,Mississippi,38127,12.8,132615,165224,275387,95832,48211,67.7,2544,24,2989192,94.2,1098803,312868,40528,19.7
2016,Missouri,76475,12.6,228514,306305,490933,258473,128720,74.4,3949,20,6059651,96.3,2372362,646402,49593,16.8
2016,Montana,11585,11.3,31890,51054,78015,43668,17457,75.0,395,13,1023391,101.0,412653,103390,48380,18.1
2016,Nebraska,27484,14.6,70475,73258,159605,91600,37355,78.9,818,13,1881259,99.0,741581,217155,54384,17.4
2016,Nevada,35200,12.4,144516,170680,229999,94420,40315,72.3,1529,18,2839172,101.0,1030701,290523,53094,18.3
2016,New Hampshire,14773,11.1,38838,64560,99626,67377,33709,77.3,484,11,1327503,97.8,521373,138046,68485,15.5
2016,New Jersey,103847,11.6,327342,442531,582528,507689,265460,72.7,2373,8,8915456,95.3,3195014,984996,73702,13.1
2016,New Mexico,26395,12.7,98935,102412,174964,62918,36279,67.4,1703,25,2082669,98.1,762551,207602,45674,13.6
2016,New York,230560,11.7,819165,950634,1411726,1036380,671150,71.3,7451,12,19697457,94.2,7266187,1974252,60741,14.2
2016,North Carolina,123050,12.4,410126,467061,855504,464294,209455,71.7,6076,19,9940828,94.7,3815392,1076302,48256,17.7
2016,North Dakota,11409,15.5,20039,30842,66284,38549,11765,79.7,560,24,736162,105.0,305163,80324,59114,18.7
2016,Ohio,141349,12.2,426383,629070,916596,468252,236189,74.6,6319,17,11586941,96.0,4601449,1237705,50674,16.0
2016,Oklahoma,52506,13.5,166092,225851,310710,146511,53702,69.2,3205,26,3875589,98.2,1461500,422079,48038,19.9
2016,Oregon,45441,11.4,152152,179332,331721,176454,89179,72.5,1870,16,3982267,98.0,1545745,409063,53270,17.5
2016,Pennsylvania,147204,11.5,438993,734865,879948,576244,306882,73.5,6449,16,12783977,95.8,4961929,1272561,54895,14.3
2016,Rhode Island,11615,11.0,38228,54394,86510,49986,26284,75.5,573,15,1054491,94.1,410240,107355,58387,14.0
2016,South Carolina,59397,12.3,193001,261469,407381,188968,91205,72.2,2874,19,4834605,94.5,1839041,485629,46898,17.7
2016,South Dakota,12609,14.8,29288,38576,68600,38308,12512,79.1,612,22,851058,101.2,333536,92990,52078,18.7
2016,Tennessee,81912,12.5,255780,411938,506951,264414,126887,70.6,4629,23,6548009,95.1,2522204,687808,46574,19.5
2016,Texas,398001,14.8,1448465,1452265,2143658,1170423,488029,68.1,25035,27,26956435,98.5,9289554,3087392,54727,20.6
2016,Utah,52918,17.9,123995,147561,284995,136488,39739,69.1,1383,12,2948427,101.2,918367,353927,62518,26.7
2016,Vermont,5961,9.5,17849,30702,46444,31606,15556,77.1,197,9,626249,97.2,257107,62665,56104,14.2
2016,Virginia,106850,12.9,293899,397208,641361,436256,266672,73.7,4214,16,8310301,96.7,3090178,900882,66149,18.2
2016,Washington,89634,12.7,269861,324241,583333,343826,161015,71.1,2907,14,7073146,99.6,2696606,759749,62848,19.0
2016,West Virginia,19174,10.4,67051,120792,136618,55904,27124,64.9,966,18,1846092,97.7,739397,175919,42644,13.9
2016,Wisconsin,67581,11.7,192705,276799,474509,265983,109358,79.3,2106,11,5754798,98.7,2310246,626052,54610,16.4
2016,Wyoming,7687,13.2,18849,28364,53395,21143,8909,75.7,321,18,583029,104.3,226985,64109,59143,22.6
2016,Puerto Rico,32266,9.1,149410,189074,279776,180968,61431,56.6,3430,28,3529385,91.4,1237180,331216,19606,7.9
2015,United States,4035432,12.7,13463371,16352014,25360642,14194504,6975700,71.6,197980,19,316515021,96.9,116926305,33732757,53889,17.2
2015,Alabama,62458,12.9,217561,275888,412552,173766,81966,67.6,3804,24,4830620,94.0,1848325,503380,43623,16.2
2015,Alaska,11086,15.1,27201,42035,62624,30761,12711,73.9,480,21,733375,110.0,250969,81544,72515,30.7
2015,Arizona,85255,12.8,324735,326198,549075,241309,109039,68.3,4262,19,6641928,98.7,2412212,677012,50255,17.3
2015,Arkansas,39015,13.2,126841,183153,243080,96764,42586,67.4,2690,28,2958208,96.4,1138025,318044,41371,20.2
2015,California,495659,12.9,2059363,1820168,3116280,1782191,838131,68.0,22206,17,38421464,98.7,12717801,4058984,61818,16.9
2015,Colorado,70351,13.3,203687,228281,417141,295981,139646,74.6,2808,17,5278906,100.7,2024468,597216,60629,20.0
2015,Connecticut,38667,10.8,128157,172784,256556,181935,118347,76.0,1370,11,3593222,95.1,1352583,391546,70331,13.2
2015,Delaware,11207,12.1,35611,52266,69754,40186,23005,73.9,427,14,926454,93.8,344022,91265,60509,18.4
2015,District of Columbia,9071,14.0,20463,30364,43018,49708,54422,77.0,317,16,647484,90.0,273390,50658,70848,20.9
2015,Florida,214558,10.9,757688,1066002,1559733,771124,340579,71.7,9803,17,19645772,95.6,7300494,1799652,47507,16.1
2015,Georgia,138669,13.9,468049,564685,832401,442356,227997,69.7,8029,23,10006693,95.3,3574362,1107119,49620,19.1
2015,Hawaii,20257,14.4,38826,76084,113543,64886,27523,72.4,819,21,1406299,101.9,450572,123311,69515,21.8
2015,Idaho,23639,14.6,64330,86784,139573,60673,19363,69.3,1104,20,1616547,100.5,589320,184650,47583,20.8
2015,Illinois,159227,12.4,524540,624259,1001754,652877,340651,73.7,7598,18,12873761,96.3,4786388,1391493,57574,15.2
2015,Indiana,85945,13.1,283168,374695,538010,262875,99963,72.5,5062,23,6568645,97.1,2501937,724475,49255,18.3
2015,Iowa,40331,13.0,103319,134872,274776,140125,50412,79.4,1539,15,3093526,98.4,1236409,348512,53183,19.9
2015,Kansas,41356,14.3,111361,123931,241541,132925,58066,74.8,2293,23,2892987,99.1,1113472,333115,52205,18.9
2015,Kentucky,55759,12.7,177810,258767,369933,147860,84491,70.1,3519,25,4397353,96.9,1708499,475761,43740,20.6
2015,Louisiana,60331,13.0,215487,298015,370574,173743,68809,69.3,3371,22,4625253,95.6,1727919,487941,45047,16.6
2015,Maine,13643,10.3,38407,73426,103213,57501,23430,75.9,483,12,1329100,95.7,553284,133804,49331,15.9
2015,Maryland,76132,12.8,216910,295265,442208,306558,213895,76.6,3461,18,5930538,93.9,2166389,640085,74551,15.5
2015,Massachusetts,75363,11.2,229505,310243,485004,393736,254198,76.5,2121,9,6705586,94.0,2549721,709541,68563,14.0
2015,Michigan,119952,12.1,371910,484917,869901,393125,193374,72.9,6093,18,9900571,96.5,3841148,1046372,49576,14.5
2015,Minnesota,74517,13.8,182050,211709,457869,298210,123924,80.9,2886,16,5419171,98.7,2124745,619644,61492,17.3
2015,Mississippi,37267,12.5,136994,166121,279294,93780,45962,67.5,2816,27,2988081,94.5,1096593,317157,39665,16.2
2015,Missouri,76942,12.7,232973,312126,496311,254098,125938,74.3,4638,24,6045448,96.2,2364688,653890,48173,17.2
2015,Montana,11982,11.8,32261,51252,78081,43749,16589,74.5,454,15,1014699,101.1,409394,102956,47169,18.6
2015,Nebraska,27829,14.9,69796,76179,161571,89012,35901,78.9,960,15,1869365,98.9,736613,216717,52997,17.2
2015,Nevada,35569,12.7,146054,169488,228603,91682,38811,72.0,1595,19,2798636,101.2,1016709,293110,51847,19.4
2015,New Hampshire,14495,10.9,39544,65291,102811,66950,32960,76.7,456,10,1324201,97.4,520251,140818,66779,14.3
2015,New Jersey,105536,11.9,332710,454472,591607,505077,258391,72.8,2639,9,8904413,95.2,3189486,995084,72093,12.8
2015,New Mexico,28086,13.5,102215,103503,175319,62917,35490,67.5,2018,29,2084117,98.2,763603,210322,44963,17.9
2015,New York,235901,12.0,835593,967608,1434959,1025397,658315,71.1,8136,13,19673174,94.2,7262279,2006845,59269,14.5
2015,North Carolina,125751,12.8,412347,470929,858812,453697,199812,71.7,6595,21,9845333,95.0,3775581,1075418,46868,17.9
2015,North Dakota,11264,15.6,19616,30340,66906,37184,11163,79.6,658,29,721640,104.0,299638,79518,57181,22.4
2015,Ohio,141813,12.3,434642,644303,927500,459697,228874,74.4,7169,19,11575977,95.8,4585084,1242604,49429,15.9
2015,Oklahoma,52173,13.6,166913,227030,310826,144531,51885,69.0,3349,27,3849733,98.2,1455321,423249,46879,21.5
2015,Oregon,46336,11.8,154284,183363,330597,171555,83490,72.2,1916,16,3939233,97.9,1533430,408065,51243,18.2
2015,Pennsylvania,147562,11.5,447422,752985,898951,567528,296135,73.4,7469,18,12779559,95.6,4958859,1287103,53599,15.8
2015,Rhode Island,11854,11.3,39387,54336,88214,50147,25353,76.1,630,17,1053661,93.9,410602,108824,56852,12.5
2015,South Carolina,60976,12.8,194390,266518,407204,182901,86487,71.7,3425,22,4777576,94.6,1815094,488377,45483,16.9
2015,South Dakota,12255,14.5,29649,38928,69920,36942,12089,79.3,699,25,843190,100.9,330858,92512,50957,21.1
2015,Tennessee,83442,12.8,258900,418994,504486,260651,122488,70.5,5218,25,6499615,95.1,2504556,688952,45219,18.7
2015,Texas,394467,14.9,1456959,1438148,2136332,1136668,461924,68.0,27893,30,26538614,98.5,9149196,3058493,53207,20.4
2015,Utah,52838,18.2,122668,146524,284861,131926,37549,68.6,1475,13,2903379,101.0,906292,350849,60727,28.3
2015,Vermont,5903,9.4,18193,31222,47934,31508,15027,76.9,205,9,626604,97.0,257167,63872,55176,15.4
2015,Virginia,109077,13.2,298037,401467,646767,436827,256850,73.5,4112,15,8256630,96.8,3062783,901251,65015,18.7
2015,Washington,89625,12.8,270459,328176,590396,330308,151901,71.0,3226,15,6985464,99.7,2668912,760468,61062,19.1
2015,West Virginia,18892,10.2,69238,123445,137807,55801,26243,64.5,1069,20,1851420,97.4,740890,177147,41751,19.5
2015,Wisconsin,67476,11.8,196304,285453,481347,261636,104834,79.0,2291,12,5742117,98.6,2299107,630382,53357,16.0
2015,Wyoming,7673,13.2,18844,29022,53113,21160,8711,75.2,324,19,579679,104.0,226865,63650,58840,21.7
2015,Puerto Rico,34288,9.6,159630,193837,284427,181095,61434,56.2,3830,30,3583073,91.7,1244202,344876,19350,7.2
2014,United States,4087727,13.0,13658512,16530440,25441044,13963617,6716500,71.6,221286,21,314107084,96.8,116211092,33917911,53482,17.0
2014,Alabama,63270,13.1,222698,277925,415276,170236,79591,67.8,4165,26,4817678,94.1,1842174,507889,43511,17.0
2014,Alaska,11319,15.5,27893,42112,63417,30857,12091,73.5,489,20,728300,109.2,251678,83107,71829,28.7
2014,Arizona,86173,13.1,325866,325702,550024,235151,104811,68.4,4767,22,6561516,98.7,2387246,678836,49928,17.3
2014,Arkansas,38087,12.9,130035,188045,242392,94329,39039,68.0,2901,30,2947036,96.5,1132488,319385,41264,20.5
2014,California,500977,13.2,2105502,1811499,3119213,1746203,803469,68.0,24521,19,38066920,98.7,12617280,4083121,61489,17.1
2014,Colorado,70730,13.6,204291,228882,415770,288800,133344,74.5,3096,19,5197580,100.7,1998314,592915,59448,21.0
2014,Connecticut,40416,11.3,130708,176209,260111,180561,116163,75.9,1462,12,3592053,95.1,1356206,400809,69899,13.5
2014,Delaware,11374,12.4,36396,52706,70347,39906,21787,73.9,412,14,917060,93.8,339046,92733,60231,19.4
2014,District of Columbia,8891,14.0,21260,29880,43245,49769,49899,76.1,434,21,633736,89.9,267415,47703,69235,23.6
2014,Florida,214658,11.1,766820,1074650,1552302,749412,324078,71.7,10895,19,19361792,95.6,7217508,1801272,47212,13.7
2014,Georgia,140817,14.2,471365,571354,830469,436314,218981,69.7,8472,25,9907756,95.4,3540690,1107416,49342,18.5
2014,Hawaii,20380,14.6,39067,77883,113584,63370,26435,72.4,793,20,1392704,101.5,450299,123468,68201,18.4
2014,Idaho,23905,14.9,64980,88200,138559,60523,18249,69.2,1102,20,1599464,100.5,585259,186606,47334,22.3
2014,Illinois,163591,12.7,536366,629326,1013464,655007,332622,73.8,8691,20,12868747,96.3,4778633,1408891,57166,15.1
2014,Indiana,86016,13.1,286159,384844,539465,257390,95483,72.4,5778,26,6542411,97.0,2492183,728489,48737,19.3
2014,Iowa,40039,13.0,104630,136631,276614,137899,48816,79.4,1589,15,3078116,98.3,1232228,349344,52716,17.6
2014,Kansas,41814,14.5,112211,126166,242643,133239,56112,75.1,2308,23,2882946,98.9,1112335,334567,51872,19.4
2014,Kentucky,56529,12.9,182609,263492,371614,145694,81696,69.9,4067,29,4383272,96.8,1702235,479119,43342,17.3
2014,Louisiana,62046,13.5,223364,299845,369249,171092,64806,69.4,3875,25,4601049,95.7,1718876,492284,44991,18.0
2014,Maine,14049,10.6,38844,77161,104312,56146,22951,76.0,492,12,1328535,95.7,553086,135978,48804,16.4
2014,Maryland,76881,13.1,219989,302405,444920,304192,207033,76.9,3454,18,5887776,93.9,2155983,643610,74149,14.7
2014,Massachusetts,77031,11.6,232222,313830,486901,392145,246203,76.1,2213,10,6657291,93.9,2538485,716290,67846,14.3
2014,Michigan,122603,12.4,378057,496359,879179,388281,187676,72.8,6599,19,9889024,96.4,3827880,1059958,49087,14.1
2014,Minnesota,74381,13.8,181661,216292,466295,294776,120225,80.7,3123,18,5383661,98.7,2115337,622764,60828,16.9
2014,Mississippi,40275,13.5,140025,167132,280664,94047,44020,67.5,3235,31,2984345,94.4,1092627,321004,39464,19.2
2014,Missouri,79260,13.1,238793,319126,498617,252341,121470,74.5,4990,25,6028076,96.1,2361232,658625,47764,16.7
2014,Montana,12352,12.3,32515,50594,80646,43568,15033,74.6,540,17,1006370,100.9,407797,103643,46766,16.6
2014,Nebraska,27600,14.9,70392,77651,162569,87912,34306,79.3,1088,17,1855617,98.7,731347,216149,52400,16.7
2014,Nevada,37054,13.4,147392,171348,224684,89376,36638,72.1,2032,24,2761584,101.5,1005958,295907,52205,21.2
2014,New Hampshire,14854,11.2,40319,67967,103531,67366,32000,76.8,436,9,1321069,97.4,519580,143741,65986,18.6
2014,New Jersey,106972,12.1,336444,466963,596800,500979,252462,72.8,3158,11,8874374,95.1,3188498,1003204,72062,13.7
2014,New Mexico,28349,13.6,103300,104152,177601,62778,35158,67.6,2304,33,2080085,98.0,764684,215462,44968,16.9
2014,New York,241814,12.3,850760,984334,1446408,1008003,643842,70.9,9707,15,19594330,94.0,7255528,2033672,58687,14.4
2014,North Carolina,128220,13.2,414258,477710,862083,447471,187851,71.8,8393,26,9750405,95.0,3742514,1077906,46693,17.1
2014,North Dakota,10420,14.8,19821,29658,66726,35467,10753,80.2,571,25,704925,103.7,292616,77529,55579,18.5
2014,Ohio,143395,12.4,440742,660355,938015,453553,221228,74.2,7516,19,11560380,95.6,4570015,1256140,48849,15.2
2014,Oklahoma,52722,13.8,166777,228999,311305,142421,50124,69.2,3765,30,3818851,98.1,1450117,423844,46235,22.6
2014,Oregon,47280,12.1,156674,184385,332742,166704,78995,72.1,2076,17,3900343,97.9,1522988,410437,50521,18.3
2014,Pennsylvania,146963,11.5,454858,772641,906504,562326,286029,73.2,8285,19,12758729,95.4,4957736,1301540,53115,15.0
2014,Rhode Island,11617,11.0,41260,54203,89494,49889,24975,76.2,694,18,1053252,93.8,409569,109654,56423,13.9
2014,South Carolina,61599,13.0,199175,268283,406169,178738,83496,71.6,4266,28,4727273,94.6,1795715,490802,45033,16.8
2014,South Dakota,12491,15.0,29839,39272,69964,36223,11895,79.4,682,24,834708,101.0,327101,92295,50338,21.1
2014,Tennessee,86428,13.4,263465,421833,506982,255104,116958,70.3,6154,30,6451365,95.0,2487349,691142,44621,18.6
2014,Texas,396152,15.2,1463083,1429057,2121231,1100760,434949,68.0,31356,34,26092033,98.5,9013582,3041609,52576,19.5
2014,Utah,53118,18.6,121620,144834,284244,126434,36408,68.6,1659,15,2858111,101.1,896194,350521,59846,26.4
2014,Vermont,6021,9.6,18320,32761,48252,30804,15066,76.9,246,11,626358,97.1,257252,65002,54447,14.9
2014,Virginia,109656,13.4,303203,407496,647263,434483,248047,73.4,4511,17,8185131,96.6,3041710,901736,64792,18.9
2014,Washington,90758,13.2,273399,327577,592423,321387,146958,71.1,3569,16,6899123,99.6,2645396,759861,60294,19.8
2014,West Virginia,19042,10.3,70974,126855,137828,55577,25629,64.6,1290,23,1853881,97.4,742359,178647,41576,17.0
2014,Wisconsin,69748,12.2,199339,294971,484979,257334,102292,78.9,2690,14,5724692,98.6,2293250,637541,52738,16.4
2014,Wyoming,7590,13.2,18772,28885,53955,21280,8358,74.7,375,21,575251,104.1,225514,63744,58252,26.4
2014,Puerto Rico,37222,10.2,170460,196726,289442,182564,61188,56.1,4449,34,3638965,91.9,1241454,353505,19686,7.9
2013,United States,4165860,13.4,13828555,16727372,25419111,13774617,6475727,71.8,248543,21,311536594,96.8,115610216,34165566,53046,16.5
2013,Alabama,65578,13.7,229763,279213,414886,169930,75135,68.3,4544,26,4799277,94.2,1838683,513927,43253,16.8
2013,Alaska,12010,16.7,28048,41405,64824,29799,11962,73.2,518,20,720316,109.1,251899,83892,70760,19.4
2013,Arizona,88162,13.6,324791,326271,546582,233757,101311,68.8,5825,22,6479703,98.9,2370289,687333,49774,16.4
2013,Arkansas,38668,13.2,132302,189517,242768,92867,36507,68.6,3094,30,2933369,96.4,1129723,322304,40768,20.9
2013,California,514155,13.7,2141423,1806061,3090691,1717731,774596,68.2,27902,19,37659181,98.9,12542460,4105841,61094,16.2
2013,Colorado,70944,13.9,207386,228065,414461,284777,126670,74.4,3614,19,5119329,100.7,1977591,588574,58433,22.0
2013,Connecticut,40180,11.2,131646,179178,263842,180233,113663,76.1,1549,12,3583561,94.9,1355849,407094,69461,14.5
2013,Delaware,11904,13.1,37070,54423,69523,39661,20576,74.0,441,14,908446,93.9,335707,94010,59878,17.1
2013,District of Columbia,8460,13.7,21618,29789,43454,47145,47639,75.5,419,21,619371,89.8,263649,46867,65830,18.5
2013,Florida,220679,11.6,774753,1084297,1532683,733632,313920,72.2,12306,19,19091156,95.6,7158980,1816383,46956,14.2
2013,Georgia,143485,14.6,474458,579312,824585,429883,213448,70.0,9516,25,9810417,95.6,3518097,1113192,49179,17.2
2013,Hawaii,20210,14.7,39726,77967,113166,62570,25920,73.0,1091,20,1376298,101.0,449771,124471,67402,20.2
2013,Idaho,25071,15.8,64321,88314,139505,59878,17289,69.9,1338,20,1583364,100.5,579797,188581,46767,19.5
2013,Illinois,169451,13.2,546609,642085,1020638,650814,323681,74.0,9847,20,12848554,96.3,4772723,1426391,56797,14.9
2013,Indiana,88098,13.5,291741,392437,538895,252319,92480,72.4,6340,26,6514861,96.9,2481793,734537,48248,18.3
2013,Iowa,40334,13.2,105489,140398,279680,135586,45497,79.6,1886,15,3062553,98.0,1226547,349406,51843,16.7
2013,Kansas,43361,15.1,112765,128892,244350,131816,54657,75.8,2494,23,2868107,98.8,1110440,336091,51332,20.0
2013,Kentucky,57137,13.1,185173,266448,370133,144227,79878,69.8,4414,29,4361333,96.9,1694996,484878,43036,18.9
2013,Louisiana,64381,14.1,225658,304433,366235,168766,62620,69.6,4598,25,4567968,95.8,1707852,496786,44874,14.6
2013,Maine,14255,10.7,38850,80886,105085,55604,22945,76.3,645,12,1328320,95.7,553823,138901,48453,17.1
2013,Maryland,80059,13.7,221810,305740,446318,302417,201315,77.1,4054,18,5834299,93.8,2146240,646709,73538,15.4
2013,Massachusetts,78337,11.9,231838,314703,493531,391219,237339,76.1,2576,10,6605058,93.8,2530147,719044,66866,14.1
2013,Michigan,123290,12.5,386932,510668,885611,385186,181245,73.0,7419,19,9886095,96.4,3823280,1078757,48411,14.4
2013,Minnesota,74062,13.8,183686,223111,469698,292095,115631,80.5,3172,18,5347740,98.6,2107232,626515,59836,17.4
2013,Mississippi,42188,14.2,143655,172571,278877,93757,41703,67.6,3987,31,2976872,94.4,1088073,323917,39031,18.1
2013,Missouri,80387,13.4,244568,326628,499349,249071,118211,74.7,5592,25,6007182,96.0,2360131,667282,47380,17.4
2013,Montana,12650,12.7,33500,50833,81218,43143,14317,75.1,724,17,998554,100.9,405525,103846,46230,18.2
2013,Nebraska,27848,15.1,69873,80059,162792,87147,33140,79.4,1186,17,1841625,98.4,725787,215149,51672,18.3
2013,Nevada,37947,13.9,148722,170060,221034,89493,35668,72.3,2481,24,2730066,101.8,999016,299393,52800,18.7
2013,New Hampshire,14739,11.2,41666,70180,106031,66752,30319,77.2,483,9,1319171,97.5,518245,145476,64916,15.1
2013,New Jersey,109719,12.4,338773,478118,601146,497085,245173,72.9,3471,11,8832406,95.1,3186418,1013451,71629,13.3
2013,New Mexico,29133,14.1,105639,106840,176016,62693,33710,68.2,2863,33,2069706,98.0,761938,217153,44927,17.9
2013,New York,244282,12.5,860369,995103,1456531,997098,626839,70.9,10435,15,19487053,94.0,7234743,2064518,58003,13.5
2013,North Carolina,131026,13.6,421345,484708,859242,441471,177049,71.8,9265,26,9651380,95.0,3715565,1083970,46334,17.0
2013,North Dakota,10214,14.8,19403,29181,66012,34869,10449,80.7,446,25,689781,103.0,287270,75952,53741,24.2
2013,Ohio,145663,12.6,449069,680324,946651,447848,213332,74.4,8573,19,11549590,95.5,4557655,1269793,48308,15.4
2013,Oklahoma,53400,14.1,167331,229691,312335,140738,47443,69.2,4138,30,3785742,98.0,1444081,425517,45339,21.7
2013,Oregon,47752,12.3,158173,185370,335517,163171,76354,72.5,2202,17,3868721,97.9,1516456,414003,50229,16.1
2013,Pennsylvania,148166,11.6,460251,795446,913660,557674,275707,73.2,8918,19,12731381,95.3,4958427,1319528,52548,14.5
2013,Rhode Island,12054,11.5,41253,54056,91703,50292,24789,76.2,713,18,1051695,93.6,410058,111527,56361,13.5
2013,South Carolina,63460,13.6,201422,270461,405044,176638,80590,72.0,4969,28,4679602,94.7,1780251,495269,44779,16.1
2013,South Dakota,12365,15.0,30280,40084,69639,35936,11241,79.4,644,24,825198,100.9,323136,92808,49495,23.2
2013,Tennessee,91077,14.2,268682,425773,506925,249406,112021,70.4,6635,30,6402387,95.1,2475195,695010,44298,17.7
2013,Texas,402540,15.7,1470195,1424082,2090888,1071173,410963,68.3,34642,34,25639373,98.6,8886471,3031308,51900,19.2
2013,Utah,53252,18.9,119004,145181,283216,123441,34368,68.8,1939,15,2813673,101.1,886770,348127,58821,25.3
2013,Vermont,6025,9.6,18477,33241,49172,31373,14635,77.3,299,11,625904,97.2,257004,66389,54267,16.1
2013,Virginia,108455,13.4,306003,412797,649679,430182,237614,73.5,5148,17,8100653,96.5,3022739,903081,63907,17.3
2013,Washington,91014,13.3,276422,329867,594094,314691,142424,71.3,3879,16,6819579,99.5,2629126,764409,59478,19.7
2013,West Virginia,19449,10.5,73547,128724,139311,53630,25190,64.8,1520,23,1853619,97.1,741390,180834,41043,15.5
2013,Wisconsin,71034,12.4,204154,304779,488006,253506,98479,79.2,3336,14,5706871,98.6,2288332,643175,52413,14.7
2013,Wyoming,7750,13.6,18923,29602,53879,20427,8075,74.7,453,21,570134,104.4,222846,64197,57406,19.4
2013,Puerto Rico,38620,10.5,179860,201225,294206,183905,59085,56.4,4876,34,3682966,91.9,1230868,360375,19624,6.4
2012,United States,4278307,13.8,14016817,16966383,25376555,13643879,6276730,72.1,274252,26,309138711,96.8,115226802,34484648,53046,16.6
2012,Alabama,68685,14.4,230802,285576,413332,168712,73389,68.8,5183,32,4777326,94.2,1837576,521728,43160,18.6
2012,Alaska,12696,17.9,28476,41602,65182,29161,11686,73.6,599,24,711139,108.5,252991,85768,69917,24.6
2012,Arizona,91202,14.2,328655,322636,544489,231951,99066,69.2,7106,32,6410979,98.9,2357158,691388,50256,17.4
2012,Arkansas,39227,13.5,134032,192994,241376,91216,35337,69.5,3366,34,2916372,96.4,1128797,323980,40531,20.6
2012,California,531999,14.3,2181125,1800121,3075364,1699853,753773,68.4,31766,24,37325068,98.9,12466331,4137409,61400,15.5
2012,Colorado,72246,14.3,208592,231149,411426,280621,122748,74.7,4234,26,5042853,100.7,1962753,589736,58244,20.5
2012,Connecticut,42449,11.9,133167,181933,265247,181279,110961,76.1,1965,16,3572213,94.9,1360184,415811,69519,14.1
2012,Delaware,11365,12.6,37057,53767,72338,38744,19786,74.5,426,14,900131,94.1,334076,94974,60119,15.1
2012,District of Columbia,7740,12.8,22826,29672,42289,46193,44094,75.1,524,23,605759,89.7,261192,45253,64267,18.0
2012,Florida,225145,11.9,779177,1097150,1526339,726690,303270,72.7,13453,23,18885152,95.6,7147013,1841841,47309,14.4
2012,Georgia,148010,15.2,479495,589694,812873,428820,207641,70.2,10303,30,9714569,95.6,3508477,1124274,49604,18.6
2012,Hawaii,20587,15.1,40174,79909,114067,61288,24202,73.7,1166,29,1362730,100.6,447453,124855,67492,18.2
2012,Idaho,26309,16.8,65226,88882,140030,57699,17318,70.6,1392,25,1567803,100.5,577648,190207,47015,22.3
2012,Illinois,175076,13.7,558227,653212,1025010,649861,314847,73.9,11384,26,12823860,96.3,4774275,1447856,56853,14.3
2012,Indiana,89519,13.8,296049,401859,535959,251569,89089,73.1,6370,28,6485530,96.9,2478846,742540,48374,19.1
2012,Iowa,41795,13.7,106390,143307,281476,133682,44256,79.9,2101,20,3047646,97.9,1223509,351272,51129,17.5
2012,Kansas,43522,15.3,113894,133006,243376,132298,53425,76.5,2562,26,2851183,98.5,1109391,337886,51273,21.1
2012,Kentucky,58935,13.6,188182,273427,369523,142716,76775,70.0,4663,33,4340167,96.8,1691716,489949,42610,19.2
2012,Louisiana,66111,14.6,227500,309690,365314,163995,59860,69.8,5340,34,4529605,95.8,1696499,499974,44673,16.9
2012,Maine,14482,10.9,40353,83799,106226,55373,22172,76.5,819,19,1329084,95.8,553208,141300,48219,15.5
2012,Maryland,81265,14.0,224548,311513,447811,302833,194641,77.4,4058,21,5785496,93.7,2138806,652842,72999,16.0
2012,Massachusetts,79176,12.1,235481,317832,494815,389667,231482,76.2,3120,14,6560595,93.8,2525694,727801,66658,14.3
2012,Michigan,123716,12.5,394305,529991,892975,382833,178223,73.2,8121,23,9897264,96.3,3818931,1098117,48471,15.1
2012,Minnesota,76531,14.4,184523,230451,474975,291082,110737,80.7,3340,19,5313081,98.7,2101875,631808,59126,17.3
2012,Mississippi,44253,14.9,147538,174792,277857,93522,40588,67.9,4180,38,2967620,94.2,1087791,328594,38882,15.3
2012,Missouri,81860,13.7,250970,335066,497482,247056,115008,75.1,5629,27,5982413,96.0,2358270,675603,47333,18.7
2012,Montana,13037,13.2,34258,52447,80780,43141,13594,75.4,825,26,990785,100.7,405508,104807,45456,19.2
2012,Nebraska,27781,15.2,69007,83605,163259,85430,32039,79.9,1437,23,1827306,98.4,721026,215069,51381,16.9
2012,Nevada,39625,14.7,150024,167905,221375,89722,34712,72.7,2553,29,2704204,102.0,992896,302169,54083,21.1
2012,New Hampshire,14452,11.0,42589,71739,107551,67219,29933,77.6,463,10,1317474,97.4,516845,149402,64925,15.5
2012,New Jersey,116203,13.2,343123,487056,603198,498755,238800,73.1,4091,14,8793888,95.0,3186878,1023914,71637,13.2
2012,New Mexico,29480,14.3,107628,107914,175573,62295,32760,68.7,3168,44,2055287,97.7,763844,219226,44886,15.4
2012,New York,248974,12.8,879015,1005790,1463677,989929,613457,71.2,11210,17,19398125,93.9,7230896,2092208,57683,14.0
2012,North Carolina,134256,14.1,425880,491398,853128,437863,170421,72.2,10238,32,9544249,95.0,3693221,1092332,46450,17.0
2012,North Dakota,9978,14.8,19316,29101,65587,34488,9784,81.3,434,19,676253,102.3,282667,74905,51641,18.5
2012,Ohio,149929,13.0,456033,702385,951455,444594,205563,74.6,9960,25,11533561,95.4,4555709,1288742,48246,15.8
2012,Oklahoma,54379,14.5,167298,231098,312074,139100,45687,70.0,4492,35,3749005,98.0,1439292,426463,44891,20.5
2012,Oregon,49970,13.0,158647,188650,333025,161532,74192,72.8,2441,20,3836628,98.0,1512718,415538,50036,16.0
2012,Pennsylvania,152277,12.0,467815,814312,924390,552890,265962,73.1,9394,21,12699589,95.1,4959633,1345729,52267,13.3
2012,Rhode Island,12550,11.9,42079,55548,92692,50399,23880,76.1,727,18,1052471,93.5,410639,112975,56102,10.0
2012,South Carolina,65588,14.2,203604,280893,398067,172964,77227,71.8,5413,34,4630351,94.7,1768255,497910,44623,18.4
2012,South Dakota,12077,14.8,30512,41539,69076,34958,11026,79.9,652,23,815871,100.7,320467,92487,49091,21.1
2012,Tennessee,94675,14.9,274120,428235,505728,246998,106440,70.7,7066,34,6353226,95.1,2468841,699502,44140,19.6
2012,Texas,411804,16.3,1480835,1421895,2064935,1043922,390652,68.3,37849,42,25208897,98.5,8782598,3024991,51563,19.3
2012,Utah,54089,19.6,118981,147696,277788,119543,33408,69.5,2122,20,2766233,101.0,880873,346817,58164,27.5
2012,Vermont,6317,10.1,18907,34332,49868,31264,14621,77.8,274,12,625498,97.3,256830,67896,54168,8.5
2012,Virginia,109017,13.6,312353,419379,647015,425277,229457,73.8,5236,19,8014955,96.4,3006219,906443,63636,18.0
2012,Washington,94898,14.1,277755,330886,596717,309346,140060,71.8,4844,22,6738714,99.4,2619995,770301,59374,18.7
2012,West Virginia,20486,11.1,74791,132254,138624,52818,24716,65.0,1758,30,1850481,97.0,742674,182772,40400,16.8
2012,Wisconsin,74525,13.1,206773,316855,490203,250695,96596,79.6,3916,20,5687219,98.5,2286339,655835,52627,15.6
2012,Wyoming,8039,14.3,18710,30441,53619,20023,7369,74.5,519,29,562803,103.8,221479,63449,56573,28.4
2012,Puerto Rico,40628,10.9,190899,200822,298983,183642,57408,56.5,5113,37,3716727,92.0,1217584,361764,19515,8.1
2011,United States,4295187,14.0,14199366,17517461,24965750,13519322,6093255,72.1,290263,27,306603772,96.7,114761359,34784394,52762,16.3
2011,Alabama,68722,14.5,239509,292142,404380,166369,72306,68.8,5408,32,4747424,94.2,1831269,531791,42934,18.6
2011,Alaska,12976,18.5,28984,41955,64577,29380,10882,73.7,762,30,700703,107.8,252920,86961,69014,28.5
2011,Arizona,93471,14.7,333873,330218,531658,229171,96421,69.2,7601,34,6337373,99.0,2344215,700707,50752,18.0
2011,Arkansas,40085,13.8,137369,196915,236087,90457,33735,69.8,3844,39,2895928,96.4,1121386,328089,40149,20.0
2011,California,534484,14.5,2204356,1851764,3012671,1677573,733841,68.3,33027,24,36969200,99.0,12433172,4173021,61632,15.7
2011,Colorado,71928,14.5,209924,240069,403096,276362,118904,74.7,4537,28,4966061,100.5,1941193,588846,57685,20.3
2011,Connecticut,43263,12.2,136556,187825,262377,181399,107719,76.0,2260,18,3558172,94.8,1360115,419997,69243,12.9
2011,Delaware,10665,12.0,37289,55474,71932,37572,19041,74.3,391,12,890856,94.2,332837,97029,59317,14.8
2011,District of Columbia,7809,13.1,22697,29843,41964,44860,41702,74.2,647,28,593955,89.6,260136,45280,61835,14.6
2011,Florida,224473,12.0,789827,1122913,1493389,722654,295686,72.7,14663,25,18688787,95.7,7140096,1871707,47827,14.1
2011,Georgia,145038,15.1,484060,610424,786217,428665,201069,70.6,10656,31,9600612,95.6,3490754,1133878,49736,17.9
2011,Hawaii,20050,14.9,40877,80441,113810,60520,22831,73.7,1202,29,1346554,100.4,445513,126224,67116,22.0
2011,Idaho,27222,17.6,66157,89848,138594,57471,16520,70.7,1670,30,1549987,100.5,575497,192125,46890,20.9
2011,Illinois,178598,14.0,568611,680396,1021169,643804,305288,73.6,11917,26,12790182,96.2,4773002,1467880,56576,14.5
2011,Indiana,90139,14.0,298133,421075,528424,247674,86110,73.0,6673,29,6454254,96.8,2472870,749063,48393,17.0
2011,Iowa,41905,13.8,107673,150189,279348,132528,42130,79.9,2224,21,3032266,97.7,1219137,351006,50451,16.8
2011,Kansas,43505,15.4,114191,139859,241111,132502,51239,76.7,2685,27,2830985,98.3,1104479,339690,50594,17.4
2011,Kentucky,59948,13.9,194712,283250,362521,140417,74091,69.8,4867,34,4316040,96.5,1681085,493175,42248,16.6
2011,Louisiana,67481,15.0,230830,319841,356648,160759,56753,69.2,6105,38,4484596,95.7,1675097,499777,44086,15.5
2011,Maine,14851,11.2,41498,86620,106103,55947,22184,76.5,772,18,1328543,95.9,551601,144762,47898,17.5
2011,Maryland,81661,14.2,228171,317899,444791,302652,188759,77.3,4228,21,5736545,93.7,2128377,656740,72419,15.0
2011,Massachusetts,80541,12.4,240126,327684,486900,389207,225126,75.8,3379,15,6512227,93.7,2522409,737110,65981,13.9
2011,Michigan,127208,12.8,400683,555111,895080,383333,176233,73.4,8689,24,9920621,96.3,3825182,1120336,48669,15.7
2011,Minnesota,77305,14.6,186901,240940,474446,288039,107503,80.5,3765,21,5278190,98.6,2094265,637255,58476,15.4
2011,Mississippi,44318,15.0,153029,180556,270380,92491,39525,68.1,4615,41,2956700,94.2,1085062,332012,38718,17.1
2011,Missouri,81434,13.7,256320,345871,493423,245113,113208,75.2,5713,27,5955802,95.9,2354104,686978,47202,16.3
2011,Montana,13287,13.5,35081,55614,79244,42731,13288,75.1,983,29,982854,100.5,403495,105726,45324,19.2
2011,Nebraska,27880,15.4,69319,87319,161600,85002,30510,79.8,1499,23,1813061,98.2,715703,216217,50695,19.3
2011,Nevada,40068,15.0,149559,171706,216645,88795,34156,72.4,2648,31,2673396,102.2,986741,304103,55553,16.6
2011,New Hampshire,14523,11.0,43528,74897,107957,66836,29940,77.4,529,11,1315911,97.5,514869,152310,64664,15.0
2011,New Jersey,118487,13.5,346053,503187,599446,498913,231144,72.9,4153,14,8753064,94.9,3180854,1030269,71180,12.3
2011,New Mexico,30350,14.9,110325,112091,171121,62624,31117,68.5,3373,46,2037136,97.5,762002,223509,44631,17.4
2011,New York,250268,13.0,890580,1044157,1444386,982218,600116,70.9,11687,17,19302448,93.8,7215687,2118154,56951,13.8
2011,North Carolina,133537,14.2,427520,509626,831288,432951,165676,72.5,10615,33,9418736,95.0,3664119,1093337,46291,17.9
2011,North Dakota,9588,14.4,19574,29690,64974,34528,8827,81.2,437,19,666783,102.0,278669,75224,49415,22.6
2011,Ohio,151230,13.1,465852,732787,942506,445397,201504,74.6,11169,28,11525536,95.3,4554007,1310872,48071,15.4
2011,Oklahoma,54036,14.5,170614,236109,307092,136459,43941,70.0,4749,37,3714520,98.0,1432735,427195,44287,22.6
2011,Oregon,49938,13.1,161811,197293,325401,159325,71059,72.9,2632,21,3801991,98.0,1509554,418240,49850,16.5
2011,Pennsylvania,154198,12.2,476975,842063,918416,549659,257271,73.1,9771,22,12660739,95.0,4952566,1363109,51651,13.1
2011,Rhode Island,12998,12.3,42746,58380,91928,50732,24113,75.9,645,16,1053959,93.3,410475,115901,55975,11.4
2011,South Carolina,65382,14.3,206714,292045,385690,170258,75003,71.8,5521,35,4575864,94.8,1758732,501703,44587,15.6
2011,South Dakota,11974,14.8,30720,42587,69060,34619,10598,80.1,651,23,807697,100.4,318466,93369,48010,15.3
2011,Tennessee,94686,15.0,280224,440067,495298,242328,102787,70.9,7481,35,6297991,95.1,2457997,705685,43989,18.6
2011,Texas,409522,16.5,1479673,1450883,2006061,1024829,375395,68.3,39495,44,24774187,98.5,8667807,3009556,50920,19.9
2011,Utah,53674,19.8,118234,150276,273906,115512,31806,69.1,2263,21,2715379,101.0,871358,344830,57783,27.3
2011,Vermont,6477,10.4,19332,36065,49663,31276,14587,78.3,255,11,624958,97.3,256711,70087,53422,17.1
2011,Virginia,106710,13.5,316323,431938,635218,422451,221444,73.8,5606,21,7926192,96.4,2991025,908493,63302,15.7
2011,Washington,94820,14.3,279304,338227,591865,305465,135115,72.1,4979,22,6652845,99.3,2602568,774719,58890,18.2
2011,West Virginia,19772,10.7,77989,136866,135751,52755,23771,64.8,1895,32,1846372,96.9,740080,184116,39550,18.0
2011,Wisconsin,75116,13.3,209670,333312,487449,246991,94002,79.6,4337,22,5664893,98.5,2279738,663403,52374,15.7
2011,Wyoming,7586,13.7,19290,31154,52689,19749,7279,74.8,590,32,554697,103.9,219628,62828,56380,22.1
2011,Puerto Rico,42281,11.3,200939,209015,296003,183181,54825,56.2,5703,41,3742586,92.0,1230093,375691,19122,8.9
2010,United States,4308790,14.2,14365180,18086559,24530211,13375042,5918930,72.1,300255,28,303965272,96.7,114235996,34990015,51914,16.6
2010,Alabama,66445,14.1,243800,300474,394448,164317,70934,68.7,5774,34,4712651,94.2,1821210,533506,42081,18.8
2010,Alaska,12974,18.8,30247,43431,62986,28019,10368,73.9,850,32,691189,108.0,248248,85863,66521,24.9
2010,Arizona,93740,15.0,333426,334322,518380,227881,95641,69.2,8112,37,6246816,99.0,2326468,699571,50448,17.1
2010,Arkansas,40505,14.1,138092,203425,229716,89408,33491,70.1,4184,42,2872684,96.3,1117154,329430,39267,21.8
2010,California,534384,14.6,2227471,1893727,2955575,1665294,713641,68.2,33880,25,36637290,99.0,12392852,4205305,60883,15.8
2010,Colorado,71406,14.6,214069,246485,395034,271449,114122,74.5,4514,28,4887061,100.4,1918959,586862,56456,23.4
2010,Connecticut,43991,12.4,135749,196795,260187,180824,105682,75.7,2304,19,3545837,94.7,1359218,425561,67740,14.2
2010,Delaware,11206,12.7,38288,58748,69039,37174,18296,74.5,540,17,881278,94.1,331639,97140,57599,17.6
2010,District of Columbia,8121,13.9,24782,30115,39792,43131,39442,74.5,727,32,584400,89.6,257317,45030,58526,19.9
2010,Florida,227748,12.3,797553,1154752,1460148,718614,289930,72.6,15609,26,18511620,95.7,7152844,1896994,47661,14.6
2010,Georgia,143991,15.2,487681,627112,763104,425567,193473,70.7,11243,32,9468815,95.6,3468704,1135790,49347,17.5
2010,Hawaii,18847,14.1,40439,83013,112467,60935,22326,74.0,1038,25,1333591,100.4,442267,125896,66420,17.5
2010,Idaho,26609,17.4,67875,92908,135154,55572,15881,71.0,1745,31,1526797,100.3,570283,191882,46423,20.9
2010,Illinois,181623,14.3,579943,698597,1021626,634220,297934,73.4,11805,26,12745359,96.2,4769951,1486298,55735,14.9
2010,Indiana,90479,14.1,302897,435780,520386,243041,84993,73.3,6917,30,6417398,96.7,2465402,756597,47697,17.7
2010,Iowa,43176,14.3,109760,156750,277117,131711,40422,80.2,2360,22,3016267,97.5,1215954,352937,48872,19.9
2010,Kansas,43262,15.4,116339,147840,236942,129566,49772,76.8,2782,28,2809329,98.1,1101672,341510,49424,19.3
2010,Kentucky,60114,14.0,197847,294574,355674,138049,72384,69.7,5199,36,4285828,96.6,1676708,496118,41576,21.3
2010,Louisiana,66432,15.0,235300,324300,346520,158491,55598,69.2,6501,40,4429940,95.6,1641165,495994,43445,16.8
2010,Maine,15037,11.3,43596,91593,104810,55229,21408,76.2,759,17,1327665,95.8,551125,148154,46933,13.7
2010,Maryland,83368,14.6,231564,328728,440340,302384,183086,77.2,4253,21,5696423,93.6,2121047,661728,70647,17.2
2010,Massachusetts,79629,12.3,240414,343180,477406,390632,221382,75.7,3375,15,6477096,93.6,2512552,741807,64509,14.0
2010,Michigan,130487,13.1,410077,584246,893923,384411,172257,73.5,9186,25,9952687,96.4,3843997,1145298,48432,13.8
2010,Minnesota,78175,14.9,187972,252682,475033,285229,102963,80.5,4058,22,5241914,98.5,2085917,639020,57243,15.5
2010,Mississippi,45879,15.6,157051,188506,262749,92658,37872,68.3,5001,45,2941991,94.3,1081052,334080,37881,16.9
2010,Missouri,80249,13.6,261149,362812,484846,242547,109523,75.2,5678,27,5922314,95.7,2349955,691449,46262,16.1
2010,Montana,13439,13.8,36566,57013,78402,42307,12676,75.1,1131,33,973739,100.4,401328,107219,43872,20.8
2010,Nebraska,28898,16.1,69585,91274,159877,84224,29524,79.6,1562,25,1799125,98.0,711771,217081,49342,23.4
2010,Nevada,39518,15.0,146627,174292,213835,85756,33600,72.5,2675,31,2633331,102.3,979621,304819,55726,20.1
2010,New Hampshire,14831,11.3,44255,79614,106174,67596,29020,77.2,631,13,1313939,97.5,513804,154506,63277,18.5
2010,New Jersey,119743,13.7,350028,519722,594994,496663,226479,72.8,4576,16,8721577,94.8,3176069,1037012,69811,13.2
2010,New Mexico,29604,14.7,110761,117250,167699,61594,30530,68.6,3333,45,2013122,97.3,756112,224961,43820,16.4
2010,New York,250659,13.0,900379,1086857,1428580,974476,585919,70.8,12577,19,19229752,93.7,7205740,2137455,55603,14.0
2010,North Carolina,133140,14.4,428738,528830,808043,424527,158551,72.6,11161,35,9271178,95.1,3626179,1089890,45570,17.5
2010,North Dakota,9272,14.1,20009,31507,64109,33504,8461,81.0,477,20,659858,101.8,276642,74918,46781,17.3
2010,Ohio,153737,13.4,475321,767993,933640,444575,194262,74.7,11262,28,11512431,95.3,4552270,1329241,47358,14.7
2010,Oklahoma,52619,14.3,172789,242546,301771,133362,42212,70.1,4826,37,3675339,97.7,1421705,425149,42979,18.4
2010,Oregon,50439,13.4,164297,202650,320491,157729,68276,73.1,2840,23,3761925,98.0,1499267,420121,49260,18.1
2010,Pennsylvania,154383,12.2,484566,874381,906208,545276,249240,73.0,9626,21,12612705,94.8,4940581,1374406,50398,13.8
2010,Rhode Island,13023,12.3,44281,61334,90336,50192,24503,75.3,653,16,1056389,93.3,410305,117324,54902,11.9
2010,South Carolina,63251,14.0,208978,302667,372459,168030,72562,72.2,5498,34,4511428,94.8,1741994,503638,43939,16.4
2010,South Dakota,12046,15.1,30550,44592,67919,34807,9985,80.0,609,21,799462,100.3,315468,92720,46369,17.3
2010,Tennessee,95958,15.4,287685,449155,485575,236850,99428,70.7,7777,37,6234968,95.1,2443475,714715,43314,17.5
2010,Texas,409412,16.8,1485486,1474731,1944541,999818,360222,68.3,39989,45,24311891,98.4,8539206,2995092,49646,19.7
2010,Utah,54739,20.6,117270,152355,267564,111546,30949,69.3,2406,22,2657236,100.9,859158,342455,56330,26.4
2010,Vermont,6669,10.7,19895,38138,49389,31120,14505,78.5,330,14,624258,97.2,256612,71494,51841,17.2
2010,Virginia,105640,13.5,319765,447823,623595,416684,212365,73.9,5752,21,7841754,96.4,2974481,908065,61406,18.0
2010,Washington,95585,14.6,281612,346125,582979,301218,131657,72.3,5191,23,6561297,99.2,2577375,775018,57244,18.6
2010,West Virginia,20438,11.1,78918,142386,134370,52300,22390,64.7,1977,33,1840802,96.6,740874,188268,38380,15.9
2010,Wisconsin,76107,13.5,213334,346129,482596,245545,92184,79.9,4326,22,5637947,98.4,2274611,671117,51598,13.1
2010,Wyoming,7763,14.2,20104,32300,51663,18990,6609,75.1,676,37,545579,103.8,217688,63511,53802,30.7
2010,Puerto Rico,43201,11.5,210539,215595,293065,182491,52570,56.0,5725,40,3762322,92.1,1227039,379539,18791,9.2
2009,United States,4263387,14.1,14235636,18483710,24121706,13200960,5754821,72.1,290876,28,301461533,97.1,112611029,34883550,51425,17.6
2009,Alabama,66776,14.4,239747,304964,382232,162931,69666,68.6,6053,38,4633360,93.9,1819441,539926,41216,18.8
2009,Alaska,12413,18.2,30069,45584,62168,27609,10439,73.9,726,28,683142,108.6,234779,82275,64635,24.7
2009,Arizona,94426,14.9,338219,351027,509779,229385,95423,69.1,7555,36,6324865,100.4,2248170,690517,50296,19.0
2009,Arkansas,40916,14.4,135932,207921,224165,90307,33455,70.5,4337,44,2838143,95.8,1109635,332102,38542,23.0
2009,California,527955,14.5,2182361,1908135,2867100,1634105,692998,68.0,32143,25,36308527,100.0,12187191,4182310,60392,17.5
2009,Colorado,70451,14.5,212334,252770,393556,267450,110365,74.6,4494,28,4843211,101.4,1869276,577503,56222,22.0
2009,Connecticut,42899,12.3,133056,198971,258374,179256,104190,75.3,1979,16,3494487,95.2,1327482,420786,67721,15.9
2009,Delaware,11083,12.8,36738,59728,66633,36904,17936,74.9,543,18,863832,94.4,325160,96043,57618,20.9
2009,District of Columbia,8174,13.9,26108,31566,38744,37516,37222,74.3,744,33,588433,89.3,250723,45878,56519,16.9
2009,Florida,229442,12.6,779020,1151628,1409788,705697,279136,72.5,15482,27,18222420,96.6,7076539,1905642,47450,15.2
2009,Georgia,141572,14.9,485672,640550,748914,429134,191572,71.1,10671,32,9497667,96.6,3417298,1126118,49466,20.4
2009,Hawaii,18473,14.4,37720,80456,106929,58810,21906,73.6,937,25,1280241,102.4,437976,128783,64661,21.9
2009,Idaho,26057,17.5,66985,93615,133775,53339,15503,71.2,1794,32,1492573,100.8,552726,188830,46183,25.1
2009,Illinois,180178,14.1,579159,721802,1030635,627434,287011,73.3,12066,27,12785043,96.9,4749388,1491251,55222,16.3
2009,Indiana,90950,14.3,300370,445893,513288,237741,82646,73.5,6728,30,6342469,96.9,2468006,766321,47465,18.9
2009,Iowa,43694,14.7,108289,163731,276998,131228,38708,80.2,2592,24,2978880,97.1,1215970,358467,48052,21.5
2009,Kansas,43060,15.5,113817,154001,238381,128231,47993,76.8,2767,28,2777835,98.2,1093694,343147,48394,20.8
2009,Kentucky,60962,14.3,198879,305927,351725,138002,71156,69.7,4883,35,4252000,96.1,1674738,504569,41197,20.5
2009,Louisiana,66946,15.2,236998,337400,345404,156840,54858,69.1,6550,41,4411546,94.6,1644094,509889,42167,17.6
2009,Maine,15683,11.9,44659,94344,105673,55945,20483,76.1,935,21,1316380,95.4,542617,149327,46541,12.2
2009,Maryland,83248,14.8,227998,335422,436127,299251,177043,76.9,4604,23,5637418,93.9,2092538,659152,69475,16.1
2009,Massachusetts,78226,12.0,241999,356582,475420,390584,220399,75.4,3348,14,6511176,94.2,2465654,735493,64496,14.1
2009,Michigan,133265,13.3,421450,622940,903968,387021,168574,73.2,8784,24,10039208,96.8,3860160,1174837,48700,15.6
2009,Minnesota,76705,14.8,184852,260488,475357,283018,100761,80.5,3963,22,5188581,98.9,2061882,634353,57007,15.4
2009,Mississippi,46342,15.9,160210,196811,254238,90734,36467,68.7,4726,43,2922240,94.1,1085836,344445,36796,17.3
2009,Missouri,80082,13.6,266865,377843,482387,242066,106071,75.2,5967,29,5904382,95.2,2322238,693366,46005,18.7
2009,Montana,12298,12.9,36683,59911,79748,40797,12136,75.6,1185,35,956257,99.8,372947,99969,43089,18.8
2009,Nebraska,28894,16.3,68301,94181,159552,82874,27852,79.4,1807,28,1772124,98.1,702637,215002,47995,18.9
2009,Nevada,36624,14.4,141261,168132,200180,81975,31838,72.4,2321,29,2545763,103.7,944178,295068,55585,22.4
2009,New Hampshire,14368,10.9,45261,82431,109162,67757,28359,77.2,685,14,1315419,97.4,502201,155963,63033,15.5
2009,New Jersey,118260,13.7,344444,522308,587362,493027,218066,72.6,4692,17,8650548,95.8,3152877,1040184,68981,13.3
2009,New Mexico,29701,15.1,108790,119567,161550,61536,30409,69.2,3523,50,1964860,97.8,736630,225056,42742,19.9
2009,New York,245096,12.6,899687,1123536,1422140,969762,583649,70.6,12289,18,19423896,94.3,7137013,2122919,55233,14.8
2009,North Carolina,127907,14.1,417487,535427,777295,411252,150765,72.7,10244,33,9045705,95.8,3541807,1075309,45069,19.0
2009,North Dakota,9400,14.7,19639,33332,63979,32052,7132,80.4,647,27,639725,100.9,273035,74903,45140,27.3
2009,Ohio,155597,13.5,486002,809233,927907,443372,191220,74.6,10794,27,11511858,95.1,4526164,1343109,47144,15.4
2009,Oklahoma,53577,14.8,172074,245305,294308,131663,41437,69.9,4747,38,3610073,97.4,1405005,424460,41861,22.4
2009,Oregon,49414,13.3,160965,208882,319747,155891,66593,73.1,2577,21,3727407,98.2,1464196,413712,49033,18.1
2009,Pennsylvania,154050,12.3,485079,903566,894727,535279,242300,72.8,9123,20,12516596,94.6,4893127,1388139,49737,14.3
2009,Rhode Island,12475,11.8,43882,64219,88233,50147,24657,75.8,578,15,1057381,93.9,404227,117060,55569,15.1
2009,South Carolina,61349,13.9,207879,306856,357377,164559,68354,72.3,4939,32,4416867,94.9,1693388,493861,43572,15.8
2009,South Dakota,12153,15.3,30601,46210,68811,34442,9670,80.3,779,27,796513,99.6,314674,92891,44828,20.3
2009,Tennessee,93449,15.2,287929,457973,475649,235199,95529,70.9,7386,36,6158953,95.1,2412567,714883,42943,17.1
2009,Texas,398982,16.8,1451514,1460900,1866999,962853,340298,68.3,37197,44,23819042,99.5,8269046,2916226,48199,20.4
2009,Utah,53187,20.1,115316,156178,273218,109148,30217,70.1,2357,22,2651816,101.2,831563,330833,55642,26.7
2009,Vermont,6442,10.4,21001,39269,49130,32215,13766,78.3,349,15,620414,96.7,250375,70593,51284,15.4
2009,Virginia,105402,13.7,314619,457429,607030,412436,203076,73.9,5946,22,7721730,96.6,2936634,905338,60316,18.8
2009,Washington,91002,14.1,276822,351368,574855,297961,127046,72.4,4690,22,6465755,99.4,2512327,760177,56384,20.3
2009,West Virginia,20658,11.4,79655,146712,132902,50671,22237,64.8,1978,34,1811403,95.8,746419,199013,37356,20.8
2009,Wisconsin,75674,13.5,211834,358118,487562,245403,90197,79.7,4072,20,5599420,98.6,2246512,667441,51569,16.2
2009,Wyoming,7450,14.2,19405,32568,50525,18151,6037,76.2,600,33,523949,103.5,208269,60111,51990,28.7
2009,Puerto Rico,44795,11.4,226443,227689,308323,194562,53053,55.7,5876,40,3940109,92.3,1213939,380494,18627,9.6
